ESTP,아 오늘 불호 하나 있을 거 같은데
ENFJ,에이 설마~
ENTP,우와~
ESFJ,우와!
ENFP,왜?
ESFJ,이게 뭐야?
ENFP,왜 왜 왜?
ENFP,와~
ENFP,우와아~ 오빠! 봐야 돼
ENFJ,빨리 나와! 봐야 돼요
ENTJ,어제 어...
ENFP,어제 매력을 아주 뽐냈고만!
ENTJ,어제 내 자리에 있었고만~ 내가~
ENFP,불호는 없는 거지? 불호 추가 안 됐지?
ENFP,어 없어 없어 있을 수가 없어
ENTJ,컴퓨터들이 아주 감동을 했구만 어제! 아주 이놈의 컴퓨터 놈들이 아주 아주 반성을 많이 했고만
ESFJ,어머 오늘... 좀 달라요!
ESTJ,진짜?
ESFP,아니 아니! 언니가 읽도록 해주세요
ENFP,아 궁금해
ESFJ,좋아 좋아
ISFP,어머! 정반대인 사람이네?
ISFJ,우리 다신 못 만난다고 막 이랬는데...
ISFP,만나네?
INFJ,떨린다
ESTP,그럼 P랑 J는 안 만나겠네
ESFP,P방 좀 궁금했는데!
ESTP,아 다르게 안 쓰겠네 크게 상관이 없나 보지
ENTJ,그러니까 여기가 이게
ENFJ,중요하게 생각을 안 하는 거지
ESTP,그것보다 반대가 더 중요하구나
ENFP,어 예상 못 했어
ENTP,계속 예상 못한 것들이야 우리가 다 예상을 하는데
ENTJ,내가 어제 얘기했을 때 요 J랑 P 부분도 어제 막 우리끼리 막 정립하고 막 이랬었어
ESFP,정립?
ENTJ,쪼끔 어떻게 다른가 막 이러면서 우리는 막 술 먹으면서도 막 얘기했잖아
ENTP,밥 먹고 설거지를 하는 그런 거
ESTP,음 맞아 맞아
ISFJ,근데 난 J 방은 좀 걱정됐는데... 다행이다!
ISFP,언니 어디로 가세요?
ISFP,여기?
ISFJ,음~
ISFJ,음~
ISFP,어디로 가세요?
INFJ,전 저쪽으로
ISFP,어우~ 좋겠다아~
INFJ,다 계세요 여기?
ISFP,네!
INFJ,아 세상에
ESFP,어 그럼 서로 짝꿍 누구 와요?
ESTP,나 INFJ
ESTP,얘는 나랑 똑같은 사람 그 키 큰 분!
ENFJ,저는 INFP
ESFP,아~ 오빠는? 이게 뭐야?
ESTJ,쵸단님!
ESFP,아~ 개이득
ENFJ,쵸단님 또..? 아 나는 쵸단님 4일 내내 보네
ESTP,우와
ESTJ,저 한 번도 못 봤어요 이제 보는 거예요
ESFP,아 어떡해~ 나 근데 INTJ 님이 나 싫어할 거 같아 뭔가
ENFJ,INTJ 성격이... 그런 성격이 아니던데?
ESTJ,진짜 근데 그런 분 아니야 말해봤는데 사람이 잘 들어 진짜 잘 들어
ESTP,그냥... 선해!
ESFP,내가 INTJ에 대한 편견이 있는 거 같아
ENFP,안녕하세요 안녕하세요~
ENTP,안녕하세요~ 아 아직 식사하고 계시는구나
ESFP,안녕하세요~
ESTP,어 안녕하세요~ 안녕하세요
ENFJ,또 봐요ㅋㅋ 계속 똑같은 거 같아ㅋㅋ
ENTJ,오늘 아예 그 뭐야 요걸로 어
ESFJ,와~오 마이 파트널~
INTP,하~이
ENFP,아 나... 할 거 안 갖고 왔다 저 방에서
ESFJ,오늘 보드게임 할까요?
INTP,완전 좋아
ESFJ,저도 좋아요
INTP,어? 보드게임 천재들이네
ESFJ,할리갈리 천재
ENTJ,왜? 잘해?
INTP,아 나 어제ㅋㅋ
ESFJ,할리갈리 진짜 잘해
ISFP,어제 엄청 놀렸거든요
INTP,이렇게 해가지고 졌어!
ESFJ,와 자기야 미쳤어! 와우 자기야 그렇지!
ESFJ,가자 자기야 그렇지!
ISFP,INTP님~
INTP,와.. 진짜로..
INTJ,내가 봤을 때는 멘탈이 많이 흔들렸어 지금 ㅋㅋ
INTP,정신이 혼미..
ISFP,근데 엄청 놀리셨다고...
ENTJ,아니 게임 재능이 1도 없어
ISFP,저도 제가 이겼거든요
ENTJ,아니 가져와서 난 개 잘하는 줄 알았는데 아예 아예 전체 흐름을 안 보고 이것만 봐 그러니까
INTP,그... 좀 못할 수도 있지 너무 갈구지 맙시다
ENFJ,에드머님 와야 되는 거 아냐?
INFJ,씻고 있어요
INTJ,아 지금 씻고 있어요
ENFJ,아~ 어?
ESFP,지금?
INFJ,지금 일어나가지고
INTJ,형님~
ESTP,아 역시 ISTP 문제야~
INTJ,열한 시에 일어났어 열한 시에
ENFJ,이야~ 진짜!
INTP,쳐 볼라 했어 안되더라고 근데~ 너무 빨라서
ENTJ,왜?
ISTP,왜 안 갔... 왜.. 왔어요?
ISFP,어 저 방으로 넘어가셔야 되는데?
ENTJ,너 너 저 방 가야 돼ㅋㅋ 오늘 P랑 그게 아니야
ENFP,아 그 사이에 없었어?ㅋㅋ
ENTJ,어 바뀌었어 니... 너랑 완전 다른 사람 만나러 가는 거야
ISTP,아유 안녕하세요~
ENFJ,아 안녕하세요~
INFP,안녕하세요~
ISTP,안녕하세요
ESTP,쪼끔 늦은 거 같은데
ENFJ,사알짝.. 분위기가 바뀌는~
ESFP,요리 안 하는 사람들 오세요~
ISTP,아 네
ESTJ,형 오늘 안 볼 줄 알았는데 또 보네요
ISTP,어 그러게
ENTJ,그냥 볼건데? 포커스 하나 이쪽에 맞춰져 있어야지
ESFJ,오 마이 갓
ISFJ,어? 자리 바꿔드릴까요?
ISFP,아니..!
ENTJ,그래 줄래요? 밥 다 먹었어요?
ENTP,자리 바꿔드릴까요ㅋㅋ
ENTJ,고마워요 난 빨리 빨리라도 친해지고 싶으니까
ENTP,너무 웃겨
ISFP,아~ 어떡해...
ENTJ,옴놈놈놈~
ESFP,안녕하세요? 아 진짜ㅋㅋㅋ 아 그 ESFP 친구가 있다고 하셨잖아요~
INTJ,아 맞아요
ESFP,어 그 친구는 어떤... 사람이야요? 사람이에요?
INTJ,일단 엄청 밝고! 다 드러나요 무슨...
ESFP,드러.. 무슨 생각 하는지?
INTJ,네 무슨 생각 하는지 무슨... 기분인지 기분이 좋은지 안 좋은지 약간 피곤한지 약간 이런 게 다 드러나서 되게 에너지 넘치고 맞아요?
ESFP,네! 제 제 INTJ 친구는요~
INTJ,아~ 네
ESFP,엄청~ 무뚝뚝해요 그리고! 그리고 사람들마다 대하는 가면들이 따로 있어요
INFJ,어 진짜요?
ESFP,맞죠! 그래서 지금은 되게 잘 들어주시고 이렇지만 또 혼자 있을 때 모습은 다른...
INTJ,아~ 맞아요
ESFP,그리고 엄청 잔 생각이 많아요 진짜...
INTJ,아~ 맞아요 생각 진짜 많아요
ESFP,혼자 있을 때 안 좋은 생각밖에 안 해요
ESFP,그리고 걔가 엄청 계획적이어서 최고 나쁜 일까지 계획을 해서 좀 부정적이게 되는 거 같아요
INTJ,아 맞아요 아 부정적...
ESFP,그래서.. 좀.. 걜 만날 때마다 넌 왜 그렇게 부정적으로 생각하냐? 하거든 넌 왜 이렇게 계획이 없냐? 서로 좀 그래요
ISFJ,뭐 도와드릴까요?
ENTP,아이 괜찮아요 괜찮아요
ISFJ,뭐 하세요? 음식?
ENTP,제육볶음 해가지고~ 그냥 재워놓을라고요
ISFJ,제육볶음? 너무 좋아요~ 저 진짜 이런 식사 하고 싶었거든요
ENTP,아 못했구나.. 아 맞네 나랑 계속 떨어져 있어가지고ㅋㅋ
ISFJ,약간 라면 많이 먹어가지고 저
ENTP,나랑.. 나랑 떨어져 있어서 이런 식사류를 못 먹었대
ISFJ,ISFP 님이랑 저랑 살이 많이 빠졌어요
ISTJ,못 먹어서?
ENTP,저 살 엄청 쪘어요
ISFJ,아니 라면만 먹긴 했는데 살이 빠졌더라고요 저거 먹어서 그런 거 같아요 가르시니아! 아니 목욕하는데 갈비뼈가 막 다 나왔더라고~
ENTP,어 이걸? 어ㅋㅋ
ENFJ,아 반대라고 했지?
ESTJ,네
ENFJ,아 얘길 하고 싶었다고 해가지고
INFP,음~ 네 뭔가 기회가 없을 줄 알았는데 바로 생겼네요 
INFP,원래 INFP 셨다고...
ESTJ,아예 아예 다소심하고 말 안하고 사람들이 말 걸면 일단은 뒤로 물러나고 울고 그랬는데 지금은 이제 안 그래요
INFP,상상이 안 돼요
ESTJ,나도 지금은 상상을 못 하겠어
ENFJ,우리가 보여준 모습에선 절대 그럴 모습이 없지?
ESTJ,난 지금도 상상이 안 가
ENFJ,근데 어제 살짝 나왔어 나왔대
ESTJ,이렇게 한 명 일대일로 얘기할 때는 그게 나오는 거 같은데 쪼끔... 어려운 거 같아
ISFP,오늘 오늘 완전 표 완전 많이 받으셨던데
ISFJ,맞아요 몰표 받으셨던데
ENTJ,내가~ 로봇 인간들한테 바이러스를 좀 풀어놨거든
ISFJ,아 T 분들한테~
ESFJ,나만 아직 한 표도 없어...
ISFJ,어 그래?
ESFJ,나 그래서 좀 속상했어
ISFJ,아 혼자...
ESFJ,아무것도 없어
ENTJ,너무 일찍 자서 그래 너가
ESFJ,고것도 약간 있어 어
ENFP,맞아
ENTJ,너무 솔직히 솔직히 좀 너무 일찍 잤어
ESFJ,고것도 있어 왜냐면 대화를 안 하니까
ENTJ,어 대화를 안 해버려서 누군지도...
ESFJ,맞아
ENTJ,아니 잔다 그러는데 어떡해 근데
ENTJ,와 진짜... 못 버티겠는 거야 못 버티겠는 거야 그러니까 오더니 그냥 와서 슬쩍 얘기하더라
ISFJ,너무 착한 거 아니야?
ISFP,감사합니다~
ENFP,잘 먹겠습니다~
ISFP,감사합니다~
ENTJ,잘 먹겠습니다 맛있게 드십쇼~
ISFJ,신기하다
ESFJ,진짜~
ENFP,너무 재밌다~
ESFJ,맞아 저도 그렇게 잘하진 않잖아요
INTP,그거는 처음 해봐서...
ESFJ,아 루미큐브는 처음이었어
INTP,아 할리갈리?
ESFJ,할리갈리를 못했어
ISFJ,짝꿍
ESFJ,응?
ISFJ,짝꿍
ESFJ,맞아! 약간 속상했어
ISFJ,그러니까 속상하다고 해서 마음 쓰여요 나 난 처음에도 속상했거든요 처음에 0표 받았을 때도 근데 아직도 그렇다고 하니까...
ESFJ,아 근데 처음엔 속상하지 않았거든요? 근데 첫째 날 둘째 날은 아무 생각 없었던 게 그때도 제가 그랬잖아요 이제 사람들이... 그러니까 나는 잘 묻어갔구나 그만큼 그런 생각이 들어서 아무 생각 안 들었는데 근데 막상 다 하나씩은 있는데 나만 없으니까 뭔가 속상한 거 있지
ISFJ,그러니까 오늘 할게
ESFJ,막상 다 있는데 나는 없는 거야
ISFJ,제가 오늘 줄게요 좋았어요~ 진짜
ESFJ,그래가지고 약간 좀 울컥했어
ESFJ,아니에요 억지로 그러진 마요
ISFJ,억지 아니에요~
ESFJ,어 나는 그래서 오히려 약간... 좀 내가... 별론가? 이런 생각 했어...
ISFJ,안 별로야~ 진짜 좋아~
ESFJ,나는 진짜...
ISFJ,당당하고 멋있어 기운 내요
ESFJ,생각하니까 마음 놓인다
ISFJ,속상했지 난 진짜 속상했어 그래서 첫날에 근데 그거 때문에도 좀
ENTJ,왜 울어ㅋㅋ
ENTP,그쵸 안 운다면서 또 울어
ISFJ,속상해서 눈물이 날 거 같았어요 나는
ISFJ,울지 마~
ISFJ,왜 그랭 휴지 갖다 줄까? 왜 그래~
ISFJ,나도 내가 좋아하는 사람 해야겠다 오늘 뽑아야겠다 그냥
INTP,아~ 이거 잠깐이었구나 뭐야 이제 진짜 J P 나누네~ 잠깐의 만남이었네
ENTP,모야아~
ENTP,나 오늘은 하루 종일 같이 있는 줄 알았어
ISFJ,근데 나 덕분에~ 맛있는 거 먹었어요
ENFP,막 다 하고 싶잖아 여기도 적용하고 싶고
ENTP,미션 왔다
ESTP,미션 왔나 보다
ENTJ,아 진짜... 나 소름.. 난 소름 돋았어
ESFJ,뭐야?
ESFJ,롤링페이퍼야?
ENTJ,모르겠어여~ 우선 한번 펴볼게요~
ISTP,저희의 첫... 두 번째 미션
ENFP,스케줄표 짜는 건가 봐!
ISFP,시간표 싫어 싫어 안돼
ESTP,뭐 한다구?
ENFP,아 우리 짜지 말장!
ESFP,저의... 의견을 말해도 될까요?
ISTP,네 한번 해보세요
ESFP,여섯 시까지 밥을 먹어야 되니까 한 시부터 다섯 시까지 자유시간으로 적어놓고
ENFP,나도 그 생각 했어
ISFP,저도 너무 좋다 생각해요 다섯 시까지 자유시간 네
ESFP,그리고 다섯 시부터 여섯 시에 저녁 시간 해가지고 알아서 시리얼 먹어요
ISFP,맞아 맞아 너무 좋다
ENFP,나도 자유시간 생각했어
ISFP,너무 좋다 진짜 좋다 진짜 좋다
ESTP,어 머리 완전 좋아
ISTP,제작진 당황
ESFJ,어 그럼 18시까지는 저녁식사를 꼭 해야 되는 거예요?
ENTJ,그 전 그냥 그 전에 넣고 설거지할 시간까지 딱 넣어야 될 거 같은데
ISTJ,한 네 시 반부터 저녁 식사 준비하면은 다섯 시에 먹고 다섯 시부터 한 3~40분간 밥 먹고 그다음 20분 동안 설거지하면은 바로 끝나니까~ 
ENTJ,그거는 확실하니까 그것부터 넣으면 되겠다 그거는 일단 정해졌으니까
ISTJ,네 일단
ISTP,근데 사실 이것도 필요 없어 우리는
ENFP,뭐야! 진짜 필요 없어
ISTP,아 J들 이거 뭐 또 이거 선 그어가면서 뻘짓하고 있을 거 생각하니까 벌써부터 속이 미어터지네
ESTP,그치 그치 한 시간마다 막 그냥...
ISTJ,너무 사소한 것까지 다 적어야 되나?
ENTJ,아이~ 뭐 그런 거 싫잖아 또 그런 거 어차피... 뭉태기로 가는... 뭉텅이로 가는 게 낫지 않아요?
ENFJ,이행하기도 편하고
ISTJ,아니 그러니까 애초에 이런 시간표를 짜는 거는 되게 몇 년 만이라 나는 일의... 일정을 짜지
INTJ,태스크.. 기준으로?
ISTJ,근데 만약 이렇게 시간 단위로 쪼개서 하면은 내가 뭐 청소할 시간이랑
ENTJ,그치
ISTJ,뭐.. 빨래할 시간이랑 책 읽는 시간이랑 담배 피는 시간까지 다 적어야 되나 싶어가지고
ISFP,한 시부터 여섯 시까지만 표시하고 거기서 자유시간
ENFP,한 시부터 여섯 시까지ㅋㅋ
ISFP,한 시부터 여섯 시까지
ESTP,아 그냥 계속 자유시간 해 그냥 한 시부터 열 시까지
ENFP,그래~
ENTP,뭐 하지? 우리 그러면은 다섯 시부터 여섯 시까지 저녁 시간?
ESFP,여기만 이렇게 그으면 안 돼요?
ENTP,좋아
ENTP,괜찮아 이대로 따라가면 돼
INFP,잘했다!
ENTP,어 꾸미자 꾸미자
ESTJ,그럼 MBTI를 떠나서 그냥 각자의 그거에 대한 Q&A 시간!
ISTJ,인생 뭐 삶 직업
INTJ,MBTI는 뭐 MBTI를 해도 되고 궁금한 거
ESTJ,아 그것도 상관없고 상관없고
ENTJ,궁금한 거? Q&A?
ESFJ,그럼 Q&A 시간?
ENTJ,어 그렇게 가면 될 거 같아
ISTJ,지금이 한 시 십..
ENTJ,그냥 지금부터 해 그냥 뭐...
ESFJ,그래!
ISTJ,한 시 반부터?
ESTJ,응 한 시 반 대충 한 요쪽 그으면 될 거 같아
ENTJ,왜냐면 준비하고 가자 그러면은 여기 말고 저 소파 가서 편안하게 하면 되겠네
ENTP,근데 우리~ 너무 자유시간 아냐? 근데 우리 그냥 이 지치지... 지쳐서 잠들지 않을까?
ESFP,그래도 되지 않을까?
ISTP,그것도 나쁘지 않죠
ENTP,나쁘지 않아..?
ISTP,우리 뭐 시체놀이나 할까요?
ENTP,뭐 아님 카테고리.. 는 있어야 하지 않을까? 그러니까 자유시간 안에서 뭘 해도 되는 거잖아 그냥
ESTP,제발 카테고리 만들지 말아 줘~
ENTP,ESTP 님은 뭐 할 거예요?
ENTP,뭐 할 거예요?
ENFP,계획이 없는ㅋㅋ
ENTP,나는 무계획이 너무 좋아 무계획!
ENFP,나도 무계획
ISFP,저는 살짝 J가 좀 많아가지고 뭐 저 계획이 있어요
ENTP,하고 싶은 거 있.. 어 어떤 계획이 있어요?
ISFP,지금 지금 이게 지금 계획인데 지금 지금 계획을 실천해..
ESTP,뭐.. 뭐 하.. 뭐 하고 싶어?
ENFP,혼자 불편해~
ENTP,나는... 나 이거... 나... 나 J가 있나 봐~
ENFP,완전 있지 완전
ESTP,뭐.. 뭐 하고 싶어 뭐 하고 싶어?
ENTP,뭐라도 해야... 좀 생산적인 일을 하고 싶어
ESTP,생산적인 일? 난 이게 생산적인 거 같아
ENFP,나도
ISFP,네 저도 지금 이 대화 하면.. 소통하면서 지금~
ENFP,완전 생산적인데?
ISFP,진짜 너무 생산적이었어
ESTP,엔돌.. 엔돌핀이 나오는 거 같은 느낌?
ISFP,맞아
ENTP,그래서 나는 뭐 사진을 찍고 놀까 아니면은 뭐 뭐... 뭐 욕.. 그.. 요 그... 음악 교실 같은 거를 할까 아님 색칠...
INFP,너무 좋은데~
ENFP,음악 교실은 누가 해?
ENTP,언니가..?
ISFP,어 지금.. 의식의 지금 흐름 흐름!
INFP,너무 좋은데!
ENTP,아 뭐 그냥 그런 것도 있으.. 나...
ENFP,아 옆에서 고양이 울어~
ESTP,고양이 어딨어?
ENTP,우는 거 맞아?
ENFP,애옹~ 이러는데 밖에?
ESFJ,뭐야~
ESTJ,뭐 왔어 또?
ESFJ,또 왔어?
ENTJ,잠깐만~ 내가 갈게
ENTP,미션이다! 미션이다! 미션이다!
ENFP,미션이 또 있.. 아..
ESTP,아니 미션 왔잖아
ENFP,그러니까 방금 이거 미션 아니야?
ESFP,뭐야 뭐가 왔어
ISFJ,미션 많다
ENTJ,세 번째 미션까지 있는데?
ISFJ,미션 생각하느라 진짜 힘드셨겠다
ESTJ,썰드 미셔언~
ESFJ,오빠가 읽어줘
ENTJ,편안하게 읽어.. 읽어 줘
ISFP,아 설마! 우리가 안해가지고 미션지 바꾸는 거 아냐 계획표를?
ISTP,또 있어?
ENFP,제발! 야 아니야 말이 씨가 되는데
ISFP,퉤퉤퉤
ENFP,퉤퉤해 빨리!
ISFP,퉤퉤퉤
ENFP,퉤퉤퉤해
ISFP,퉤퉤퉤
ENFP,퉤퉤퉤
ESFP,싫어!
ESTP,뭐야?
ESTP,망했다
ENFP,망했어
ENTJ,생각 많이 하셨네예~ 와~ 생각 많이 하셨네예~ 내가 원래 경우를... 짚고... 가는 사람인데 생각을 많이 하셨네예 이걸...
ISTP,난 예상했다
ENFP,진짜 망했다
ISFP,아~ 말도 안 돼 진짜 말도 안 돼
ISTP,근데 저기는 오히려 이거 싫어할 수도 있어
ESTP,엄청 좋아할 거 같은데?
ISTP,아냐 아냐 안 좋아해 자기들이 계획 짜 놨는데~ 바꾸라고 하면 X나 싫지~
ENTJ,와~ 이거 이거 이 생각 했어?
ESTJ,예상 못 했다~
ENFJ,쉬면.. 쉬면 돼요 자유 시간입니다 자유 시간
ISFJ,이럴 줄 알았어
ENFJ,그래도 꾸미긴 했네
ESTP,아 디게 좋은데?
ENFP,왜 왜 왜?
ESTP,아 나쁘지 않아
ISTP,시간표 졸라 예뻐
ENTP,아 Q&A?
ESTP,야 J도 나쁘지 않네~
ENFP,Q&A는 뭐야 대화하는 것? 대화하는 거?
ENTP,아니 식사를 세 시간 동안 해?
INTP,괜찮네~
ENTJ,야 밥은 어떻게 했냐 얘네는?
ESFJ,아 5시 6시
ENFJ,한 시간
INTJ,아 이거 지켜야 돼?
ESTJ,1시간 동안 해야 돼
ISFJ,우리 그냥 자유롭게 지내면 되잖아
INFJ,저녁밥 한 시간?
ESTJ,자유시간은 많거든? 근데 밥이 한 시간밖에 안 돼
ISFJ,엄청 불편해 하고 계셔ㅋㅋ 표정 봐ㅋㅋ
ENTJ,지금 지금 지금 머릿속에서 밥을 한 시간 안에 다 하고 설거지까지 하라고?
INFJ,말이..
ESTP,아 이게 식사가~ 요리하는 시간이랑 밥 먹는 시간이니까
ENTP,아니 어디 뭐 프랑스야?
ENFP,어 좋은데? 별로 다를 게 없네~
ISTP,자 서로에게 궁금한 점을 물어보는
ENTP,근데ㅋㅋ아니 어떻게 30분을 나눴어?
ENFP,좋아 어 다행이다
ESTP,아 나쁘지 않은데? 나는 저게 한 1분 단위로 다 나눠놨을 줄 알았는데
ENTP,3시 20분까지 Q&A를 하고 4시 반까지
ENFP,어 나도 와 나 긴장했네~
INFP,큰 편견
ENFP,어 너무 편견이었나 우리?
ESTP,J도 사람이네~
ENFP,그러네~
ISTJ,아까 내가 말한 대로 청소 시간 독서 시간 휴식 시간 담타 이런 거 다 적었어 봐 분 단위로
ENTJ,그렇게 갔었으면
ENFJ,난리 났겠다 그럼 저기 지금
ISFJ,그럴걸~ 진짜
INTP,그쪽은 개이득 아닌가? 우리가 너무 좀 편하게 해 줘서?
ENFP,완전...
ESTP,역시 P다~
ENTP,아 근데 그거 아무것도 안 하는걸 불편해하는 사람들이 있을 수가 있지~
ESTP,근데 걔네는 내가 볼 땐 자유시간이니까 또 지들끼리 모여가지고
ENFP,또 뭔갈 어 맞어 만들어서 할 거 같아
ESTP,야 우리 Q&A 할까? 막 이랬을 거야
ENFP,그래 그래 그래
ISFP,맞아 맞아 맞아 맞아 맞아
ENFP,어차피 자유잖아
ESFJ,우리 그럼 저 시간 동안 뭐할까요?
ENTJ,우리 그냥 우리대로 가면 돼
ESTJ,아까 정한 거 하면 돼
ENTJ,우린 별... 우리는 그대로 가면 돼
ESTJ,어 하고 싶은 거 해도 돼 진짜 자유시간이니까
ENTJ,Q&A가 더 널널해졌다는 거지
ISTJ,Q&A를 굳이 시간 지켜서 시작하고 끝맺을 필요가 없어졌다는 거니까
ESTJ,자도 돼 자도 돼
ENTJ,어 자면서 해도 되는 거지 옵션이 좀 더.. 뭐 붙었다는 거지
ENTJ,와~ 나는 한 통수 맞은 게 진짜 너무 화가 난다 진짜
ESTP,저희 Q&A 한 번 할까요 Q&A?
ISTP,예 하세요 하세요 하세요
ENFP,여기 이거 지켜야 되니까 우리 한번 할까?
ISTP,네 우리 다 지금 듣고 있어
ESTP,오케이 Q&A 한번 하고 이따가 사보타지 할까요?
ENFP,네 좋아요 좋아요
INTP,너무 좋네요
ENTP,요기 요기 앉으세요 여기 앉으세요
ESFP,네 질문하겠습니다
ISTP,네 누구신진 모르겠지만
ESFP,16가지의 MBTI 중 제일 궁금한 MBTI는 누구인가요?
ISTP,제가요?
ENTP,MBTI만 놓고 봤을 때?
ESFP,응 응
ISTP,없어요
ENTP,오케이
ESFJ,누가 보면 통풍 잘 되는 바지 그런 느낌이야
ESFJ,어 그거 열지 마
ESTJ,아니 아니 그게 아니라 이거라고
ESFJ,이것은 심의에.. 위반하는..
ESTJ,아니 아니 아니 딱 멈춰
ISFJ,편지지 편지지
ESFP,언제부터 이뻤어요?
ISFP,아이고 세상에나
ESTP,23년 전부터
INTP,안 보고 있어
ISTP,그러면 저 여기서 질문하겠습니다
ISTP,사보타지를 하기 싫은 이유가 뭐예요?
ISFP,아 이런 말 해도 되나..?
ISTP,말 걸지 마?
INTP,너무 못해?
ISFP,아니 그게 아니라
INTP,너무 허접이라서?
ISFP,그게 아니라 제가... 항상 이겨가지고...
INTP,나 져 준 거였는데
ISTP,너무 못한대 이 양반이
INTP,나 져 준 거야~
INFP,이상형이 뭐예요?
INTP,아 이상형이요?
ISFP,오 대박 오
ENFP,좋은 질문이었어~
ISTP,당황은 하지 말고 그냥ㅋㅋ 좋은 질문이라고
ENFP,어 좋은 질문이었어
ISTP,당황했어 갑자기
ENFP,어 좋은 질문이었어
ISFP,너무 좋았어 진짜
INTP,이상형..은
ISTP,이상형은 이제 뭐 외모도 좋고 MBTI도 같이 섞어서 말해주시면 감사하겠습니다
INTP,MBTI로는 솔직히 모르겠어 왜냐면은 제가 좋아하는 스타일은 밝은 느낌!
ISTP,ES...TJ 님
INTP,네?
ISTP,ESFJ 님
INTP,ESF... 모르겠어요 그 그.. 웃을 때 되게 밝게 웃는 그 느낌이 있어요 제가 좀 약간 감정표현.. 을 잘 못하는 편이고
ISTP,아 웃을 때 밝게 웃는 편이면 지금 ISFP 님이... 
ENFP,저기.. 도 밝지
ISTP,거의 웃을 때... 거의 눈에 걸리니까
INTP,미소천사시죠
INTP,저는 좀 밝은 사람을 좋아하는 것 같아요 좀 밝고 진짜 그 긍정 에너지 넘치는 타입? 저는 약간 그 어두운 에너지 좀 뿜뿜하는 타입이어서
ISTP,아 그러면 ENTJ 형..의 여자 버전을 하면 되겠네요
ISFP,그러네~
ESFJ,왜?
ISFJ,때릴라고
ESTJ,나를?
ESFJ,때릴라고..?
ESTJ,뭐야~
ISFJ,아니 한 대 때릴라고
ESFJ,왜? 왜? 나 어디 가 나 어디 가?
ISFJ,이거 줄라고 여기
ESFJ,응? 어 뭐야?
ISFJ,편지 좋아한다매
ESFJ,어 감동이야...
ISFJ,왜ㅋㅋ 왜~ 왜 울어ㅋㅋ 자꾸~ 울지 마요~
ESFJ,극 F여가지고 그래
ISFJ,울지 마~ 힘 내~ 내일 돌아갈 수 있어 내일 탈출이야
ESFJ,진짜 웃기다
ISFJ,내일 끝나잖아 울지 마~ 편지지가 있어가지구~ 근데 아까 편지 좋아한다 해가지고
ESFJ,고마워요 이따가 읽어볼게요 아무도 없을 때
ESFP,힘들게 하는 사람은 없었어요?
INFP,요즘...에 막 디엠 같은 걸로 제가 막 최근 들어 쪼끔 막 관심도 많이 받고 사랑도 많이 받아서 이런 경험이 없어서 그런지는 잘 모르겠는데 메일이나 디엠으로 굳이 막 보지 않을 나쁜 말들을 저한테 보내주는 것들이 많아서
ENFP,아 못됐어
INFP,제가 막 바쁜 것도 되게... 요즘 피곤하고 바쁜 것도 열심히 살고 있었는데 그런 것들을 계속 받으면서 보니까 번아웃 끝까지 갈 뻔했었어요 그래서 그것도 되게...
ESTP,이런 거 다 처벌시켜야 돼
INFP,힘들어요
ENFP,어 그러니까~
ISTP,많아요 굉장히 저런 사람들이
ESTP,무슨 심보로 그러는 거야?
ENFP,내 말이
ISTP,고소해야 돼요 저는 고소했습니다
ENTP,그런 게 진짜.. 진짜 막 결핍 덩어리인 사람들인 거 같아 진짜
ESTP,그런 거 같아
ISTP,반응을 해주지 않고 고소를 하면 돼요 정보통신망 위반법으로
ISFP,아 너무 화난다 진짜
ISTP,좀 진정하시구요
INFP,막 말이 너무 심해가지구 그냥 태어나서 해보지도 못하고 당연히 해보지도 못하고 들어보지도 못한 말들 같은 거를
ESFP,막 무슨 말인지 대충 알 거 같아요
ISTP,차단하셨나요?
INFP,네 다 차단했.. 디엠은 다 보거든요?
INFP,그래가지고 응원 글이 되게 많은데 그 사이에...
ESTP,디엠으로도 고소 안 되나?
ESFP,아 근데 외국회사여 가지고...
ISTP,되긴 돼 정보통신망 위반법이라고 스토커 특별 방지법이 생겼거든
ENFP,아 진짜?
ISTP,근데 그 인스타그램 측에서는 개인 정보를 제공해 주지 않기 때문에 이 사람이 그 사람이라는 걸 내가 증명해 내야 돼 근데 하기는 쉬워 공개 계정이면
INFP,보통 다 비공개
ISTP,비공개면은 힘들지 그냥 차단하는 수밖에 없어
INFP,맞아
ISTP,제일 좋은 건 디엠을 안 읽는 건데 또 그게 사람이 안 되거든
INFP,맞아~ 맞아요~
ISTP,좋은 얘기도 있고 뭐 광고도 있고 하니까~
ESFP,맞아~
INFP,맞아 맞아
ISTP,그렇죠
ESFP,맞죠 맞죠
ISTP,힘 내시구요 일단
INFP,근데... 네 좋아요 방송 좋아요
ISTP,그... 악플러들에게 한마디 하시죠
ESTP,욕해도 돼요
ENTP,그래도 돼
ISTP,주먹만 그냥 줘요 이렇게
ISTJ,아 오늘 아무것도 안 하네 진짜 자유시간 막 이렇게 막상 주어지니까
ENTJ,아 계획이 없으니까 진짜 좀 짜증나긴 한다ㅋㅋ
ISTJ,뭘 해야 될지 모르겠어
ESTJ,무계획도 계획이라 그랬어요
ISTJ,아 근데 이게 너무
INFJ,좀 루즈해졌어요
ENTJ,야 우리도 P인 척 하자 열받는데
ISTJ,P인 척 하자구요?
ENTJ,어!
ISTJ,어.. 어..ㅅ 그거 어떻게 하지?
ENTJ,몰라 나도 몰라
ESTJ,지금ㅋㅋ 지금 밥을 먹든지 말든지 자든지 말든지 이런 거지
ENTJ,어! 근데 못해 다들 어떻게 하는지 몰라
ESTJ,나도 안 해 해 말해놓고 안 하지
ENTJ,깡깡 깡깡~ 오류 나 깡깡깡깡~
ESTJ,장비를 정지합니다~
ISTP,시간 금방 갔네
ESTP,여기부터 할까요?
ISTP,예 우리... 졸리세요?
INTP,네? 저요?
ISTP,네ㅋㅋ
INTP,네 조금...
ISTP,하품을 많이 하시네ㅋㅋ
ENTP,아니 근데 지금 졸릴 시간이에요~
ESTP,근데 Q&A 끝나고 잠깐 쉬었다가 해도 되나?
ISTP,예 휴식 시간 갖... 어차피 끝이잖아 이제
INTP,3시까지 해야 되나요?
ESTP,3시 반
ISTP,3시 반까지
ESTP,근데 어... 조금 쉬고~
ISTP,근데 저거~ 이 3시 반까지긴 한데
ENTP,근데 다 했잖아
ISTP,네 그것도 그렇고 여기 시간표를 보면은 이게 중간부터는 물고기... 이게 좀 있어요 그래서 여기 부분은 좀 유연하게 대처를 해도 되지 않을까 합니다
ESTP,어? 그러네
INFP,방송 선배님으로서 같은 질문... 방송하면서 힘든.. 점이 뭘까요?
ESFP,저는... 제 습관이 잘 안 고쳐져요 되게... 방송을.. 만약에 10시에 켠다고 하면은 10시 10분에 켜고 이런 경우가 너무 허다한데 고쳐야 한다는 걸 알면서도 안 고쳐져요 이게 나의 잘못인 걸 알면서도 이거에 대해서 호되게 혼내는 사람이 없으니까
ESFP,즉흥적인 면이 너무 심한 사람이다 보니 잘 고쳐지지 않는 거 같아서 절 좋아해 주시는 분들한테 죄송한 마음 때문에 방송하기 좀 어려웠던 부분이 있는 거 같아요 계속 실망감을 드리는 것 같아서
ISTP,10분 늦는 게 뭐 어때서
ESFP,입니다 실망감을 주는 게 제일 힘든 거 같아요 날 좋아하는 사람들한테
ISTP,완벽하지 못한 자신에 대해서?
ISTP,감사합니다~
ESFP,감사합니다
ISTJ,아 뭔가 이게 자유시간이라는 것도 내가 그 전에 뭔가 열심히 하고 뭔가 하나를 완수를 해야 이제 정말 온전히 자유라고 말... 하겠는데 근데 그냥
INFJ,자유가 일이 되어버리니까 자유시간이
ISTJ,홀로 그냥... 자유시간... 해버리니까
ESTJ,갑갑해 이것도?
ISTJ,응
ENTP,잘라고
ISFP,어 저도 한번 같이 자도 되나요?
ENTP,오세요 오세요
ISFP,아유 감사합니다
ISFP,우와 되게 되게 깨끗하다~ 양말 신고 올라가도 되나요?
ENTP,아이 그럼요~
ISFP,어 좋은 곳이네~
ESFP,우리 방은 여기야 아 정리를 안 했는데..
INFP,뭐야~ 아늑해~
INFP,닌텐도 하게?
ESFP,그냥 누워있게
INFP,죠~아
ESFP,요거 베고 싶으면 말해 알았지?
INFP,알게써 아이고요~ 효효~
ISFP,뭔가 내일이 마지막이라고 하니까 아쉬운 거 같아요
ENTP,어제까진 되게 집 가고 싶었는데 피곤해서
ISFP,네 맞아요 맞아요
ENTP,근데 언제 살면서 이런 경험을 해보겠어
ISFP,그니까 진~짜!
ENTP,4박 5일 동안 4박 5일 동안
ENTP,난 항상 이런 사회실험 같은 거 있잖아 참여해 보고 싶었거든
INFP,아 근데 나 진짜 뭔가 주목받으면은 빡 공황 같은 게 빡 와
ESFP,공황?
INFP,그러니까 뭐라 해야 되지? 안절부절못하는? 소심..이가 딱 나와
ESFP,주목받으면? 방송이랑 이게 또 다르잖아
INFP,맞아 그냥 다 같이 앉아서 얘기하는 거면 어떤 질문을 받아도 이제 낯설지 않으니까 말 잘할 수 있.. 있는데
INFP,또 막 의자 앞에 나와서 카메라 앞에 딱 앉아있으면
ESFP,그치
INFP,다 아는 사람이라도
ESFP,무서워
INFP,신기하다 근데 뭔가 시간 지나면은 익숙해질 거 같기도 하고
ESFP,아니 그건 아니긴 해 일주일은 있어야 그때부터 좀... 편하게 할 수 있을 거 같은데..
ENTP,왜 여기 녹아내려 있어
ENTP,가자
ISFP,아 가기 너무 귀찮다 읏챠 읏챠
ENTP,주머니에 있는 거 다 갖다 버렸네
ISFP,그르네
ENFP,딱 쉬고
ESTP,그러면 그 바쁜 주기가 얼마나 가?
ENTJ,근데 밥 먹어야 될 거 같아 미리 먹으라고 했으면은
ISTJ,응 먹으라 했으면 먹어야지
ENTJ,큰 거 오는 거야
ISTJ,큰 거 오는 거야ㅋㅋ
ESTJ,큰 거 온다
ISFJ,뭐 먹..을까?
ENTJ,자유시간은 앞으로 내 인생엔 없을 거야 어 그거 자체가 내 삶의 질을 높이는 행동이 아니야 자유시간이라는 건 없어 낮잠 명확해야 돼 낮잠 간식
ENFJ,아 그치 그치
ENTJ,간식 먹기
INTJ,쉬더라도 목적 있게 딱 쉬니까
ENTJ,그러니까
ESFP,근데 어제만큼 오늘도 편안한 거 같아
ENFP,음 그러네 진짜로
ESFP,뭔가...
ISFP,다른 편안함?
ENFP,오늘도 편해
ESFP,다른 편안함
ENFP,어 맞어
ENFP,뭔가를 해야되...지 않는 게 편한 거라서
ESTP,맞어 맞어 일단 규칙이 없어서 너무 좋아
ISFP,아 맞아 맞아 맞아요
ENFP,아 맞어
ISTP,J들이랑 있으면은 뭘 자꾸 막 계획을 얘기하고!
ESTP,청소해야 되고!
ISTP,눈치 보이게 자꾸~
INTP,맞아 맞아 계속 눈치를 보고 있었어
ISTP,그래도 좋지
INTP,어?
ENFP,내주겠는데?
ISFP,안돼! 아 나 화장실 가고 싶은데!
ESFP,언니 그냥 갔다 와요 얼른
ENFP,지금 가 지금 가
ENTJ,아니 안 버티고 계속 한 놈씩 나오니까~
ENTJ,그래 가 봐!
ISTJ,우리 이제 미션 하는 거야?
ISTP,자~ 어? 큰일 났습니다
INTP,뭐죠?
ISTP,자 세 번째 미션을 공개하겠습니다~
ISFJ,5분 남았네요 빨리 가야겠어요
ESFP,뭐야 지금인데요?
INTP,바로 지금 가야 되네?
ENFP,5분 남았어 5분
ESFP,이거... 치울까요?
INTP,이거 마무리하죠
ENFP,하나 남았는데 아쉽다
INTP,나는 두 개 남았어
ISFJ,아 떨려
ESTJ,아 형 저 립밤 한 번만 더 빌려주시면... 
ISTP,나를 소개하는 건가? 나?
ENTP,내 MBTI를 소개하는 게 아니라 나를 소개하는 거야?
ISTP,내가 누군지? 그냥 에드머
ENFP,여기 와서의 내 모습?
ENTJ,윤씨! 갑시다!
ISTP,저 아직 마음의 정리가 안 됐는데
ENTJ,아니야 너 하면서 정리해
ENFP,하면서 정리해ㅋㅋ
ISTP,아니 맨날 다 내가 제일 먼저 해
ISTP,앉아서 하겠습니다~ 여러분의 얼굴이 보이지 않아요 조명이 너무 밝거든요
ISTP,일단 뭐 저에 대한 나는 무엇인가? 뭐 이거 되게...
ENFP,아이 굉장히 좀ㅋㅋ 철학적인 문제고~
ISTP,불 꺼줄까요?
ISTP,뭐 저는 그런 거 잘 모르고 그냥 제가 솔직하게 이... 6박 7일 동안 있으면서 느낀 감정들 예 그거를 좀 말씀을 드리자면은 저는 이제 사실 제 자신을 잘 몰랐어요
ISTP,그래서 이제 다른 분들도 이 사람 E 아니냐 이 사람 왜 I에 있냐 뭐 제작진의 농간이냐 뭐 이런 말들이 굉장히 많았고 대부분이 뭐 E가 아니냐 I가 아니냐 이 사람 S가 아니다 이 사람 N이다
ISTP,이런 식으로 말씀을 해주셨는데 그거는 이제 저조차도 제 자신이 누군지 잘 모르기 때문에
ISTP,저도 방송을 오랫동안 해 왔기 때문에 그 방송의 자아와 제 현실의 진짜 그 윤석원의 자아가 각... 항상 헷갈리면서 근데 이제 그게 저한테는 불편하지는 않고 그냥 상황에 따라서 이제 선택을 할 수가 있는 거죠
ISTP,그리고 제가 MBTI를 계속 안 믿는다고 했는데 제가 안 믿었던 이유는 그 MBTI에 대한 특성 때문에 저도 모르게 자꾸 그 특성처럼 행동을... 하게 되진 않을까 남들도 나를 그렇게 생각하진 않을까 이런 생각들이 있어가지고 하게 되진 않을까 남들도 나를 그렇게 생각하진 않을까 이런 생각들이 있어가지고 그래서 이 프로그램에 나온 것도 있었고요
ISTP,제가 생각하는 제 자신은 좀 이기적이고 뭐 이기적이라기보다는 개인주의적? 남들... 신경을 별로 안 쓰고
ISTP,남들에 대한 관심조차도 별로 없고 그랬는데 여기에 와가지고 각기 다른 15명들과 함께 생활을 하면서 느낀 점은 아 나도 감정이라는 게 있구나
ISTP,그러니까 저도 남들이 저를 신경 써주면 기분이 좋고 저도 누군가를 챙겨주면은 그걸로 인해서 좀 뿌듯함을 느끼고 네 그랬던 순간 같아요
ISTP,그래서 이게 점점 더 제 진짜 모습이 나오는 게 아닌가 비록 우리가 이제 짧은 시간 동안 있기 때문에 어 다들 제 진짜 모습을 못 보고 가실 수도 있지만 이 자리가 끝나고 또 우리가 또 사석에서 만나게 된다면은 그때는 언제든지 제 진짜 모습을 보여드리도록 노력하겠습니다 네 감사합니다
ISTP,오 왜 또 두 번째로 나와 와~
ENTJ,눈이 이렇게 될 거 같은데 와~
ESTJ,외사시
ENTJ,여러분들이 어 저를... 보시는 입장에서는 저도 굉장히 많이 탐구하려고 하고 어떤 사람일지 분석하려고 하고 그러면서 이제 여러분들에 대해 수집을 많이 하는 제 모습을 보셨을 거예요
ENTJ,저는... 처음에 이... 이벤트에 참가하게 된 이유 중 하나가 그 여러분들을 통해서 그 거울에 빗든 제 모습을 좀 많이 보고 싶었어요
ENTJ,이제 여기에 오게 됐었을 때 그냥 뚜렷한 목표가 있었다고 생각해요
ENTJ,그냥 저를 알려고.. 알고 저라는 사람이 어떤 사람인지 한 줄로 그.. 글을 쓰고 싶었어요 어떤 사람인지 표현을 하고 싶었어요
ENTJ,그럴려는 이유 중 하나가 어떻게 보면은 제가 인생을 어떻게 살아가고 싶느냐 서부터가 시작이 되는 거 같아요
ENTJ,여행자라고 생각을 했어요 뭐가 됐든 간에 죽기 직전에 저의 보따리를 추억의 보따리를 꺼냈었을 때 뭔가 좋은 추억들... 로 마무리를 하고 싶다는 생각을 해서 생활 태도가 다 그렇게 바뀐 거 같아요
ENTJ,그래서 장난스러워 보일 수도 있지 모르겠지만 저는 여러분들이랑 좋은 추억을 쌓기 위해 여러분들을 알고 그런 과정들을 계속 했었던 거 같아요
ENTJ,정체성에 혼란을 겪고 계신 분들도 굉장히 많더라고요
ENTJ,인생이란 게 또 이르케... 힘든 경우도 있고 아닌 경우도 있을 거라 생각해요 그것마저도 추억이 될 수 있다는 얘기를 저는 꼭 해드리고 싶었어요
ENTJ,어차피 각자의 인생을 살다가 가는 게 저는 인생이라고 생각하거든요
ENTJ,그리고 우리는 그냥 한번의 접점에서 만나서 다시 헤어지고를 반복하는 그런 상황인 거고 그랬었을 때
ENTJ,본인이 서운해하지도 않고 이 추억을 되게 소중하게 하고 양분을 가지고 나아갈 수 있는 용기가 되어 있느냐 
ENTJ,그런 자세가 준비가 되어 있느냐라고 했었었을 때 한 번쯤은 이런 이벤트를 통해서 여러분들이 자신에 대해서 정립하는 저처럼 정립하는 그런 계기가 됐으면 좋겠다는 말을 꼭 해주고 싶었어요
ENTJ,많이 흔들리고 힘들 거라고 생각이 들어요 인생이란 게 어쩔 수 없이 그런 상황에 놓이고 그렇게 살아가는 거니까 지치지 말고 꾸준히 달려 나가셨으면은 좋겠습니다 감사합니다
ENFP,어 저도 여기 오면서 뭔가 제 스스로가 뭐 내가 어떤 성격인지 그래도 좀 스스로 객관화를 많이 시켰었던 사람인데도 불구하고
ENFP,뭔가 일을 하면서 생긴 또 다른 새로운 성향들이 존재했었기 때문에 어디까지가 내가 참고 있는 거고 어디까지가 진짜 내 감정인지 조금 헷갈리는 상황들이 좀 있었던 거 같아서
ENFP,여기 오면 그 부분을 확실하게 알 수 있지 않을까 하는 생각에 좀 지원을 하게 됐었고
ENFP,근데 확실하게 여기 오면서 되게... E끼리 모였을 때 이렇게 하나씩 모였을 때 정말 정확하게 내가 어느 정도의 E인 사람이고 어느 정도의 N인 사람이고 어느 정도의 F인 사람이고 이거를 너무 극명하게 정말 확실하게 이제 알 수 있게 된 게 저한텐 너무 큰 발견이었고
ENFP,그리고 이렇게 다 많은 사람들이랑 지내면서. 스스로에 대해서 확실히 알았던 건
ENFP,내가 사람들한테 뭔가 저도 좀 변하려고 노력을 좀 많이 했던 성격이었어서
ENFP,저도 I였었던 적이 있었고 힘들었던 적이 있었고 막 자존감이 낮았던 적이 있었고
ENFP,이러다 보니까 그 지금 그 시간을 겪고 있는 친구들한테
ENFP,나도 이겨냈으니 너도 이겨낼 수 있어 단순히 그런 용기가 아니라
ENFP,그냥 그냥 존재만으로도 좀 따뜻함을 전해주고 싶었던 것 같아요 그래도 괜찮다라는 거
ENFP,어 뭔가... 히잉
ENFP,어 F야 너무 F야 지금 T들 다 이해 못하지?
ENFP,왜 울어? 이러고 있겠지 어 아이 그냥 음 아니 그러니까 힘내라는 말을 좀 저는 별로 안 좋아해요
ENFP,왜냐면 되게 힘들었을 때 힘내라는 말이 정말 힘이 안 됐거든 그래서 힘내라는 말이 좀 의미가 없다는 걸 알아서
ENFP,힘내라라는 것보다 어 뭔가 그냥 좀 아 나도 변할 수도 있겠다
ENFP,어 그리고 저 존재만으로 뭔가 좀 따뜻함이 느껴진다? 약간 이런 걸 좀 느꼈으면 좋겠다라는 생각을 했던 거를 확실히 알았고
ENFP,좋은 사람으로 단순히 보여지고 싶다는 생각보다는 어 그냥 좀 음 그냥 따뜻함...이 저한텐 좀 중요했고
ENFP,인간과 인간 사이에 그런 같이 있는 시간이 저한테는 좀 더 소중했던 것 같고
ENFP,근데 T 분들이나 이제 다른 성향들을 보면서도 저는 되게 너무너무 멋있다는 생각을 했던 것 같아요
ENFP,저랑 너무 달라서 안 맞아가 아니라 너무너무 배울 점이 많았던 거 같고 그래서 저도 살면서
ENFP,그런 부분을 적용시킬 수 있는 부분이 있다면 그렇게 살고 싶다라는 생각을 좀 많이 했던 거 같습니다
ENFP,나가서도 계속 계속 봤으면 좋겠습니다
ISTP,어른들이 먼저 해야지 그래야 애기들이 하지
INTP,어우 잠깐만
ISTP,안 보이죠? 내 말 안 믿더니
INTP,어 네 아 네 안녕하세요 저는 INTP 네 쥐작가구요 저는 뭐 제가 MBTI를 굉장히 좋아하는 덕후라서 여기 나왔거든요
INTP,그냥 제가 MBTI를 처음 알았을 때 좀... 전 치유를 받았어요
INTP,MBTI를 통해서 제가 INTP라는 성격 때문에 그런진 모르겠는데 좀
INTP,이... 세상에 좀 적응을 못하는? 네 사람들과의 관계 속에서 적응을 못하는 면이 좀 있었는데
INTP,MBTI를 통해서 나는 틀린 게 아니라 그냥... 다른 거구나 뭐 그런 걸 알게 됐었고
INTP,그래서 좀 나랑 다른 사람들에 대해서 더 많이 알고 싶어서 여기에 오게 됐었어요
INTP,내가 어떤 사람인지 더 잘 알 수 있는 계기가 좀 됐던 거 같아요
INTP,나는 정말 심각한 내향이구나
INTP,진짜 다른 거보다 제일 큰 게 내향... 이라는 사실을 좀 깨달았어요 전 내향성 때문에 많이 좀 고민이 많이... 했었고 좀 밝은 사람이 될려는 노력도 많이 하고 외향형이 되고 싶어서 노력도 했었는데
INTP,결국에는 난 그냥 내향형이구나 이거를 받아들여야 되는구나 네 오히려 억지로 좀 노력할 필요 없이
INTP,원래의 자신을 받아들일 필요성을 좀 느꼈고 어 좀 됐.. 좀 오히려 받아들여야 이거에 대한 대처를 더 할 수 있다는 생각이 들었어요
INTP,그래서 이제 앞으로는 좀 더 나는 집구석에 처박혀서 바느질을 하고 살아야겠다 좀 더 나를 받아들였습니다
INTP,좀 더 집안에 틀어박혀 있어야겠다 네 그런 생각을 하게 됐습니다 네 좋은... 나를 알게 되는 계기를 주셔서 정말 감사합니다
ENFJ,어 너무 낮은데요? 어 저는 뭐 ENFJ구요
ENFJ,키가... 너무 크지만 마음이 여기 와서 조금 키에 맞지 않는 여린 마음을 조금 가지고 있는 걸 알았고
ENFJ,일단 저에 대해서 저는 엄청 잘 안다고 저도 똑같이 생각하고 항상 살아왔고 일을 해왔었는데
ENFJ,이렇게 그러니까 저는 이 MBTI라는 자체를 같이 하면서 저라는 사람이 이렇게 생각하고 있다라는 거를 정확히 알게 된 거 같아요 저가 어떻게 생각하는지를 내가 모르고 있었구나를 깨달았고
ENFJ,그러다 보니까 그걸 깨달으면서 느낀 게 이제 한 분 한 분이 제 주변 사람이랑 이제 대입이 돼서 저와 잘 맞았던 부분들 저가 알고 있었던 부분들이 갑자기 떠올랐고
ENFJ,그래서 그때그때마다 뭐.. 조금 다시 떠오르는 기억들 안 좋았던 거 좋았던 것들이 생각나서 조금 더 편해진 것 같아요 지금 계신 분들이
ENFJ,더 알아가고 싶은데 네 일단 뭐 정확히 둘째 날까지는 좀 애매했어요
ENFJ,저가 어떤 부분을 원하는지 몰랐고 어떤 부분이 뭐가 안 맞는 거지 뭐가 불편한 건지 전혀 예측을 못하고 있었는데
ENFJ,오늘 부터 모습을 깨달아가지고
ENFJ,네 자신감 있게 나갈 수 있을 것 같습니다 원래 해소가 안 됐던 부분이 항.. 있었던 것 같아요
ENFJ,근데 그 해소 안 되는 부분이 말을 할 수 없는 부분이 있어가지고 그 단어가 형.. 만들 수 없는 단어라 모르고 있었던 거 같은데
ENFJ,여기 온 순간 그리고 오늘 딱 지금 이 시점으로부터 딱 그걸 딱 정확히 알게 돼서 나가서 이 느낀 거 그대로를 잘 느끼면서 경험이라 생각하고 같이 열심히 살아가볼 수 있을 것 같습니다
ENFJ,ENTJ 형님이 말씀하신 것처럼 네 더 힘내서 용기 있게 제가 원하는 거 열심히 한번 해보도록 하겠습니다 감사합니다
ESTP,강의 같아 수학 강의 안녕하세요 저는 ESTP인데
ESTP,일단 여기 프로그램에 참여하게 된 계기는 평소에 제가 주변에서 굉장히 자아가 강하다는 말을 많이 듣고 살았었는데
ESTP,실제로 제가 방송에서 비춰질 때 어떤 모습으로 비춰질지 좀 보고 싶었고요
ESTP,첫날에 제가 E랑 I랑 이렇게 분류됐을 때 E 사이에 있었을 때 느꼈던 감정은 아 나도 E임에도 불구하고 I가 될 수 있겠구나 라고 생각을 했었는데
ESTP,이틀 3일 4일째 되면서 제가 점점 살아나더라고요 E끼리 있든 I끼리 있든
ESTP,그니깐 저는 그냥 E든 I든 그거를 떠나서 그냥 나는 낯을 좀 많이 가리는 사람이구나 라는 거를 많이 깨달았구요
ESTP,T끼리 모였을 때 굉장히 좋았었어요
ESTP,T끼리.. ㅋㅋ T끼리 있을 때 아 내가 정말 토론하는 걸 좋아하는 사람이구나
ESTP,진지한 대화하는 거를 굉장히 좋아하고 논리적으로 말하는 걸 좋아하는구나 라는 걸 원래 알고 있었는데 더더욱 깊이 알게 됐고
ESTP,그다음에 자아가 뚜렷했던 사람이다 보니까 여기 와서 다른 사람들과 얘기할 때도 큰 영향이 없었던 것 같아요