ESFJ,눈뽕이 너무 심하네요
ESFJ,어 진짜 오 너무 심한데? 잠깐 적응 좀 할게요
ESFJ,평타 쳤어!
ESFJ,비호감 없어!
ESFJ,근데 나 호감 하나 받고 싶어 나 아직 아무것도 없다고
ESFJ,호감 받은 사람들은 그냥 금손영진 이우석 홍성주 에드머 금손영진 이우석 홍성주 에드머
ISFJ,존재감이 많고
ESFJ,어 그냥 존재감이 좀 더! 나보다 많은 거일 뿐인 거지 그냥 내가 다른 사람들이랑 못 어울린다는 건 아니니까 안 받았다고 해서
ESFJ,좀 내가... 별론가? 이런 생각 했어... 
ISFJ,안 별로야~ 진짜 좋아~
ESFJ,나는 진짜... 당당하고 멋있어
ESFJ,네 안녕하세요 여러분 ESFJ…
ESFJ,ESFJ 입니다 어.. 일단은
ESFJ,일단 제 자신을 먼저 말하기 전에 아 어제 오늘 너무 울어가지고
ESFJ,너무 울어가지고 아.... 사실
ESFJ,울었던... 이유 중에 하나가
ESFJ,솔직한 내 모습 또 다른 나를 찾은 것 같았어요 제가 생각하는 ESFJ는
ESFJ,참... 솔직하고 당당해요
ESFJ,사람과 사람을 연결해 주는 뭔가 연결고리 역할도 잘하는 것 같고
ESFJ,조화로움? 사람이 여러 명이 있었을 때 그런 조화로움 그런 거를 되게 좋아하는 것 같고
ESFJ,또 감동도 잘 받고 감수성이 굉장히 풍부하고
ESFJ,어색한 거 싫어하고 그리고 사람들의 눈치를
ESFJ,꽤나 많이 보고 정리왕이다 라는 걸 많이 느꼈어요
ESFJ,대화를 할 때 항상 끝맺음 끝마무리 그런 정리를 하는 걸 굉장히 좋아하는
ESFJ,성격? 사실... 좀 뜬금없긴 한데
ESFJ,제가 4박 동안 느끼면서
ESFJ,오늘 처음으로 느꼈어요 오늘 처음으로 느꼈던 건 여러 사람들을 좋아하는 만큼
ESFJ,여러 사람들을 사랑하고 같이 있는 걸 좋아하고 그거에 대한 행복감을 느끼고 거기에서 에너지를 받고
ESFJ,그런 걸 좋아하는 만큼 한 사람한테는 온전히 쏟지를
ESFJ,못해서 조금은... 관심을 받고 싶어 하는 사람한테는
ESFJ,관심을 좀 덜 받는구나 라고 느낄 수도 있겠다 라는 생각도 들었고
ESFJ,근데 반대로 가만히 생각해 보니까 저도 관심 받는 걸 너무나 좋아하고
ESFJ,배려받고 싶어 하고 저는 제가 되게 강한 사람인 줄 알았어요
ESFJ,항상 어디서나 이제 '강하다'라는 소리를 듣기도 했었고
ESFJ,제 스스로도 강하다고 생각을 했거든요? 근데... 은근 유리 멘탈이에요
ESFJ,되게 사소한 걸로도 상처를 좀 받을...
ESFJ,받는 타입? 근데 그게 처음에는 뭐든지
ESFJ,그럴 수 있지 그럴 수 있지 이렇게 생각을 해요
ESFJ,근데 나중 가서 후폭풍이 오더라고요
ESFJ,나중 가서... 뒤에서 한참 뒤에야
ESFJ,내가 뭘.. 잘못했나...?
ESFJ,저 사람한테 내가 뭐가 마음에 안 들었을까 이런 되게 눈치 많이 보게 되고 되게 속앓이 혼자 많이 하고
ESFJ,그래서 오늘도 되게 많이 울었던 것 같아요 사실 그..호감도 투표...
ESFJ,보면은 ESFJ가 호감도 비호감도 아무것도 없어요 혼자서 지금!
ESFJ,"첫째 날, 둘째 날 밤에 투표 보고 셋째 날... 까지는 무슨 생각이었냐면"
ESFJ,스티커가 아무도 없는데 내가 너무 사람들과 잘 어울려서
ESFJ,잘 묻어나서 모두가 내 걱정을 안 하고 나는 정말
ESFJ,평범하게 잘 어울리는 사람이구나 나 되게 조화로운 사람이구나
ESFJ,나 생각보다 성격이 좋네? 라고 생각을 했어요 근데
ESFJ,오늘까지도 이렇게 보니까 오늘 저 혼자 남았을 때 혼자 아무것도 없었을 때 딱 보니까
ESFJ,갑자기 상처를 받더라고요 다른 사람들은 다 있는데... 왜 나는 없지?
ESFJ,나도 노력 많이 했는데 왜 알아주지... 왜....
ESFJ,뭔가 내가 뭘 잘못했나? 내가 너무
ESFJ,사람들을 부담스럽게 했나?
ESFJ,진짜 온갖 생각이 들면서 제 자신을 자꾸 뒤돌아보게 되더라고요
ESFJ,근데 웃긴 건 제가 제 자신을 그래도 사랑해서 그런지
ESFJ,나는 그래도 아무리 생각해도 크게 뭔가 잘못한 건 없는 것 같은데
ESFJ,이런 생각도 약간 들기도 하고 제가...
ESFJ,연말이나 제 생일에 가장 많이 듣는 소리가 있어요 제가 사람들을 좋아하는 만큼
ESFJ,가장 많이 듣는 소리가 있는데 너 덕분에 정말 좋은 사람들을 많이 만나게 되어서
ESFJ,너무 행복하고 고마워
ESFJ,라는 말을 가장 많이 듣게 되는데 그 역할을 제일 잘하는 사람이
ESFJ,ESFJ고 사람과 사람의 관계를 잘 유지하고
ESFJ,그걸 또 리더십 있게 끌고 나갈 줄도 알고 생각보다 현명하고
ESFJ,그러나 또 눈치 보고 가끔은 유리 멘탈이고
ESFJ,정리하는 거 좋아하고 그런 게 제가 생각하는 ESFJ인 것 같아요
ESFJ,4박 5일 동안 여러분들을 만나게 되어서 제 자신을
ESFJ,알게 되어서 너무 행복했고 너무 고마웠고 앞으로도 제 자신을 많이 사랑해야겠다
ESFJ,라고 많이 느끼고 여기 있는 모든 분들한테 네..
ESFJ,촬영이 끝나면 한 분 한 분에게 진짜 식사 대접을 해드리고 싶을 정도로
ESFJ,너무 감사하고 즐거운 프로그램이었고 저에게 좋은 추억 남겨주셔서
ESFJ,너무 고맙습니다 네 감사합니다
ISFP,안녕하세요 ISFP입니다
ISFP,일단 저는 제가 평소에
ISFP,말이 많아서 4박 5일쯤이면 끄떡 없을 줄 알았는데
ISFP,3박 4일.. 4일 차 되니까 목이 아예 나가버린 거예요
ISFP,4일 동안 말을 너무 많이 해서 저의 ISFP는
ISFP,저만 그런 건지 모르겠는데 좀 단순하고 사람들도 좋아하고
ISFP,다른 사람들을 뭔가 챙겨준다?
ISFP,뭐 배려한다? 그럴 때 좀 기분이 많이 좋고
ISFP,근데 아쉬운거는 제가 생각했던 것보다 더 많이
ISFP,많은 분들과 이야기하고 그랬으면 더 좋았을 텐데 낯가림이
ISFP,있었어가지고 많이들 다가가지 못했던 것 같아요 저는 근데 확실히 I라고 느꼈던게
ISFP,저는 1대 1로 강하고 1대 1로 있으면 저 진짜 말 엄청 많거든요
ISFP,장난도 엄청 많이 치고 그리고 S는....
ISFP,사실 잘 모르겠고요 아직까지도 그리고 F?
ISFP,저는 근데 진짜 여기 와서 많이 느낀 게 저는 제가 눈물이 많은지 전혀 몰랐어요
ISFP,진짜 진짜 전혀 몰랐는데 여기 F 시간 갖고 나서 그때 확실히 알았어요
ISFP,아 나 눈물이 많았구나! 그리고 저는 사실 다른 사람한테 관심이 별로 없어서
ISFP,다른 사람들의 말에 공감은 하고 리액션을 하지만 마음에 와 닿지는 않았었어요
ISFP,근데 그 F와 T 나눴을 때에
ISFP,제가 제가 아닌 느낌이었어요 너무... 너무 민망하고 그때 이후로 눈물이 더 많아진 것 같고요
ISFP,음 그리고 P! 전 완전 P에요 사실 오늘...
ISFP,계획표도... 저한테는 좀 촉박했습니다
ISFP,저는 좀 더 누워있고 싶었고
ISFP,조금 더 조금 더 저녁 먹고 더 누워 있고 싶었고
ISFP,그랬었어요 저..정리도 사실 안 하고 싶었고
ISFP,저 정리하는 거 되게 안 좋아하거든요 정리하는 것도 싫어하고 밥 먹은 거 바로 치우는 것도
ISFP,되게 안 좋아하고 사실 저희 방 보신 분은 알겠지만
ISFP,제가 사실 모든 방 다 봤거든요 E 방도 다 보고 I 방도 봤는데
ISFP,죄송해요 제 방이 제일 더러웠어요 제가 안 치워가지고...
ISFP,네 그렇습니다 저는 그래서 저의 ISFP를 정리하자면
ISFP,단순하다! 그리고 사람들을 좋아하고 배려하는 걸 좋아하고
ISFP,또 뭐가 있었지? 착하다...? 눈물이 많고 아니야 X 6
ISFP,눈물은 진짜 별로 없.. 눈물은 때때로 때때로 나오고 때때로 가끔 나오고
ISFP,그리고 어.... 정말
ISFP,그냥 좋은 모두가 다 좋은 MBTI지만
ISFP,ISFP가 참 좋은 것 같습니다 감사합니다 그리고 여기 많은 분들
ISFP,많이 만나서 너무 좋았어요 감사합니다
ESFP,안녕하세요 ESFP 진자림입니다 저는 이 프로그램에 출연하게 된 계기가
ESFP,제가 20학번 코로나 학번이거든요 딱 코로나 시기에 대학을 입학을 해서
ESFP,"술자리도 많이 없었고 MT, 신입생 환영회 그런 거는 뭐"
ESFP,아무것도 없었고 사람을 대면할 만한 일이 없었어요 심지어 제가 가지고 있는 직업도
ESFP,인터넷 방송인이기 때문에 더더욱 뭔가 사람과 대면할 만한 일이 없어서
ESFP,그치만 제가 ESFP고 사람을 만나는 거를 즐겨 하는 사람인 걸 아는데
ESFP,사람을 마주할 일이 없으니까 어떻게라도 좀 사람을 만나고 싶었던...
ESFP,싶었거든요? 그럴 때 이런 'MBTI 인사이드'라는 프로그램을 알게 됐고
ESFP,꼭 촬영을.. 촬영을 하고 싶었어요 그 사람을 만나고 싶었던 것뿐만 아니라
ESFP,제가 MBTI를 정말 좋아했거든요 왜냐하면 이 MBTI에 관심을 갖기 전에
ESFP,"저는 중, 고등학교 때 심리학을 공부를 했었습니다 지금은 방송대학교를 갔지만"
ESFP,그 전에 생각했던 학과가 심리학과였을 정도로 심리학을 되게 좋아했고
ESFP,심리학을 좋아하는 이유는 믿으실지 어쩌실지 모르겠지만 저는
ESFP,초등학교 중학교 때 굉장히 어두운 성격이었습니다 어른들이 저를 봤을 때
ESFP,얘는 왜 이렇게 낯빛이 어둡냐 라고 할 정도로 그냥 사람 자체가 아기인데...
ESFP,초등학교 중학교면 아기잖아요 아기인데도 얘는 되게 어둡다라는 소리를
ESFP,많이 들었습니다 그렇게 어둡게 보이기도 했고 제가 생각하는 것도 되게 부정적이었어요
ESFP,그래서 부모님께서 추천해 주셨던 게 너 좀 너를 알아봐라 라고 해서
ESFP,"심리학을 공부를 했었고 그래서 중학교, 고등학교 동안 심리학 공부를 했었어요"
ESFP,사람의 마음을 아는 게 아니라 나를 알고 싶어서 심리학을 공부를 했었습니다
ESFP,그렇게 심리학을 공부하다 보니까 확실히 나를 알게 되니까 좀 나 자체도 밝아지고
ESFP,나에 대한 자존감도 높아지고 하더라고요 그래서 그 후에 이제 MBTI라는 게 생겼어요
ESFP,이제 사람의 마음을 공부를 했다 보니까 MBTI도 뭔가 그게 들어맞는 것 같은 거예요
ESFP,아 이 사람은 이래서 E고 이래서 F고 이런 게 약간 들어맞아서 MBTI에 어떻게 보면
ESFP,저도 사실 과몰입을 조금 하고 있었던 것 같습니다 그래서 ESFP라는
ESFP,MBTI가 나왔을 때 저는 어쩌면 ESFP 같은 사람이
ESFP,되고 싶었던 것 같아요 외향적이고 현실적이고 감성적이고 즉흥적인 사람이 되고 싶었다
ESFP,라고 생각을 했습니다 4박 5일 동안 이 자리에 와서 느낀 것은
ESFP,사람은 결코 네 가지 MBTI? 네 가지 알파벳으로 나눌 수가 없어요
ESFP,열여섯 가지로 절대 많은 분들께서 여기 와서 MBTI가 정립됐다
ESFP,MBTI가 이렇구나라고 생각을 한 반면에 저는 MBTI가 맞지 않을 수 있구나라는 걸
ESFP,느끼고 갔습니다 외향적이어야 하는 내가 E들끼리 있으니까 조금
ESFP,기가 빨리는 것 같기도 하고 현실적이기만 한 내가 상상을 하고 있고
ESFP,근데 이건 안 맞잖아요 이거는... 사람마다 다 다른 거기 때문에 절대 이 네 가지 알파벳들로
ESFP,사람을 모두 정립을 할 수는 없다라는걸 다시 한 번 깨닫고 가는 그런 것 같습니다
ESFP,그리고 사전 인터뷰 때도 저는 이렇게 얘기를 했어요 내가 ESFP가 아니면 어떡하지?
ESFP,ESFP가 나오긴 했는데 ESFP... 의 성격을 나타내지 못하면 어떡하지
ESFP,라고 생각을 했거든요 근데 다시 생각해보면 그럴 수도 있는 거였어요 뭐 ESFP의 성격이 어딨어요
ESFP,여러분 모두가... 뭐 INFP가 INFP 성격이 어딨어요 그냥 그런 사람이 있는 거지
ESFP,이런 생각을 더 더 많이 하고 가는 것 같습니다
ESFP,네 그렇게... 정말 덕분에 맛있는 음식 먹었고 너무 멋있는 춤 봤고
ESFP,좋은 사람들 많이 만났고 덕분에 너무 많이 웃었고 이런저런 사람들 너무 많이 만나서
ESFP,한 분 한 분 인연이 너무 소중하고 여기 나와서도 꼭 다시 뵙고 싶은
ESFP,15분을 뵙게 돼서 너무 감사한 지금까지 3일...4일?
ESFP,이었습니다 네 여기까지 발표? 아 어떡해 대학생 같아
ESFP,여기까지 이야기를 마치도록 하겠습니다 감사합니다
ENFP,이게 슬픔이 계속 옮아간 거 같아 멈추고 싶은데
ISFP,그니까~
INFP,맞아요
ESFP,고생하셨습니다~
INTP,엉엉엉엉엉 너무 슬펑 엉엉엉엉
ENFP,아이 증말ㅋㅋ 다들 마지막이다 너무 힐링됐어 엉엉
ISFP,수고하셨습니다~ 다들 마지막이다
ENTP,오늘이 힐링이었네 제일
ISFP,저거 뭐야
INTP,엉엉엉
ISFP,뭐야 그게 뭐야 
INTP,나도 우는 사람이 돼보고 싶었어
ESFJ,말을 너무 정신없이 했어 알았어
ENTJ,근데 바로 한 번에 정리 안 돼
ISFJ,맞아 횡설수설하게 되더라
ENTJ,오래 걸려 원래 어떻게 한 번에 정리돼 그 감정이란 게 한 번에 성장 안 돼
ENTJ,조급해하는... 조급해하는 거 그것도 욕심이야 응 천천히 해 아직 젊잖아
ENTJ,야 너보다 내가 15살이 많은데 생각해 보면
ENFP,그거 왜 거짓말을 했어 
INTP,나 우는 거 못 봤어
ISTP,아 울었네 씨..
ESFP,그 장.. 장소 탓도 큰 거 같은 게
ESFP,여기서 얘기하면 어~ 이러고 말 거 같은데 거기서 말하니까 막 눈물이 이렇게 나... 
ESTP,맞아 분위기도 중요한 거 같아
ENFP,그치 분위기가~
ISFP,맞아~
ISTP,왜 나 얘기할 땐 아무도 안 울었어?
ENFP,안 슬펐어
ESFJ,어머 어머
ENTJ,야 뭐야
ENFJ,부러졌어요
ISFJ, 어머나.. 아프시겠다
ESTJ,아프겠다 형님
ISFJ,진짜. 집게 핀 하나 드릴까요?
ENTJ,주면 좋죠
ISFJ,아 진짜요? 
ENTJ,이거 박살났어 아이고
ISFJ,어머나
ESFJ,어머 어떡해! 
ESTJ,안 아프세요?
ISFJ,아프시겠다 근데
ISTP,어땠어요?
INTP,저요?
ISTP,네
ENFP, 너무 슬펐지
INTP, 미.. 밑에서요? 딱히... 
ESFJ,욕하는 거 더 웃겨
ESTJ, 뭐야 이 씨ㅋㅋ 
ISFJ,뭐가 더 좋으세요?
ENTJ,저 이거요
ENTJ,이거 금색은 너무... 그렇고... 고마워요 호감.. 호감이니까 준 거죠?
ISFJ,아 네 
ENTJ,이거 부러졌는데도 만약에.. 비호였으면 안 줬을 거 아냐 그치 모른 척해 참자. 줘야..   
ISFJ,아냐 저 근데 비호여도 줘요
ENTJ,아~ 뭐야아~
INFP,근데 저 이러고 말하지 않았어요?
ISTP,컴프레서 먹여야 돼
ESTP,아 말 너무 잘했어요 진짜
ISTP,잘했어요 근데 잘.. 근데! 볼륨은 작은데
ISTP,그 디렉션은 좋았어 잘 들려 단어 하나하나가
ESTP,맞아
ESFP, 언니 목소리가 진짜 잘 들려
ENFP, 맞아 맞아 
ISTP,또 쓸데없는 소리를 안 하니까~
ISFP, 맞아 맞아 맞아
ESTP,맞아
ENTP,좋았어
ISTP, 시간도 딱 짧고
INFP, 근데 말하고 싶은 게 있었거든요?
INFP,그러니까 정리를 해야지! 하고 이 말이랑 이 말이랑 이렇게 딱 해 놓고 가서 다 다른 말 하고 왔어
ESTP,나가면 맞아. 다 달라져
INFP,아예 싹 다 달라
ISTP,그냥 미리 생각을 하면 안 돼
ESTP,맞아 맞아
ISTP,생각할 시간이라도 주든가
ESFP,맨 첫 번째로ㅋㅋ
INFP,그니까 
ENFP,스탭분들한테 얘기하는 거야 지금?
ISTP, 미리 뭐 언질이라도 좀 해 주지 냅다 그냥 지하실로 불러서는
ISTJ,근데 일하다가 공황발작이 오면은
ESFP,게임 안 한 사람들 가세요ㅋㅋ
INTP,마지막 투푠가
ESTP,저 먼저 갈게요~
ENFP,네~ 
ISTP,오늘은 좀 빨리합시다
ESTP,아~ 알겠어 1분 컷 1분 컷
INTP,마지막 투표군요
ISTP,3분 컷 한다더니 15분 있다 오고
ENTP,제가 호감으로 뽑을 MBTI는 EN... EN... FP
ENTP,언니예요 정말 따뜻한 사람이라고 모든 사람과 잘 어울리고
ENTP,모든 사람들을 다 포용할 수 있는 MBTI인 거 같아서
ENFP,좀 더 의외였던 분을 뽑자면
ENFP,저는 ISTP 님이었던 거 같아요 뭔가 어 저런 모습도 있었네?
ENFP,좀 생각지 못한 부분들을 오늘 많이 봐가지고
ISTP,네 저는… INTJ 제 룸메이트인데 그분을 호감형으로 하고 싶습니다 밤에 항상 같이 얘기하는 것도 좋았고
ISTP,그 친구가 되게 부지런해요 근데 저는 좀 게으른 편이고 근데 아침에 이제 저를 항상 잘 챙겨줘서 그게 너무 좋았고
ISTP,그리고 오늘 뭐 지하에서 얘기하는 그런 그 자기에 대한 얘기하는 것도 너무 좋았고요
INTJ,저는 ESFJ 님이 저한테 먼저 다가와 주셨고 또 내밀한 좀 속 이야기를 하셔서
INTJ,제가 고민하고 있는 부분을 이렇게 하시는 게 좀 멋있어서 마음의 문을 열어주셨다는 것 자체가
INTJ,저는 되게 고마웠고
ISFP,저한테 호감인 MBTI는 ISFJ입니다
ISFP,그분도 그렇지만 저도 일대일로 강한 스타일이어가지고 밤에 자기 전에 두세 시간씩은 얘기를 하고 자는 것 같아요
ISFP,저도 모르게 저의 사적인 얘기를 하고 있고 언니도 언니만의 사적인 얘기를 하고 있고
ISFP,서로 공감대 형성도 됐고 교류 뭔가 아바타랑 이렇게 슉 연결된 느낌
ISFJ,오늘... 오늘... 은! ESFJ 님이 너무 표를 못 받았다고 슬퍼하셔가지고
ISFJ,제가 짝꿍인데 마음이 안 좋았어요
ESTP,오늘의 호감 있는 MBTI는 ESFJ였습니다
ESTP,평상시에 굉장히 잘했었는데 제가... 조금 더 임팩트 있는 사람들만 제가 호감
ESTP,있는 사람으로 투표를 했었는데 오늘 소감을 들으면서 그동안 잘 묻어갔던 사람한테는
ESTP,왜 투표를 못 했을까 라는 생각을 많이 했었고 꼭 표를 주고 싶다 그리고 상처를 안 받았으면 좋겠다 라는 생각을 하였습니다
INTP, 가장 호감이 갔던 분을 뽑자면 INFP님 뭔가 저랑 같은 고민을 가진 분이시라는 생각이 좀 들었고 저랑 같은 노력을 하셨던 분이라는 생각이 들었어요
INTP,내향성으로 인해서 고민을 좀 많이 했던 사람이라서 그래서 그런 걸 극복하고자 하는 모습이 되게 멋지다는 생각이 들었습니다
INFP,ISTP 님이 요리를 해주셨는데 그게 제가 계속 식단을 해오면서
INFP,사실 스트레스를 안 받지 않았거든요 뭔가 뭔가 가장 안 그럴 것 같았던 분이
INFP,저한테... 너무 감동이어서 팡 터졌었던 거 같아요 그래가지고
ENTJ,그 친구... 분 한테 주고 싶어요 ISF ISFP 님한테
ENTJ,주고 싶어요 맨 마지막 멘트가 저는 그 미장... 그 화면에 나오는 그 한 화면이 제일 마음에 들었어요
ENTJ,자기의... MBTI를 얘기하면서 저는 이게 정말 좋다고 얘기하시면서 마무리를 하셨어요
ENTJ,그 부분에서 소름이 엄청 많이 돋았거든요 자기를 찾아보고 돌아보게 되는 이 경험을 통해서
ENTJ,자기를 사랑하게 됐다는 그 감정이 저한테는 더 응원하고 싶게 만들고
ENTJ,이 여행을 이... 우리들과의 체험을 은근히 제일 잘했구나라는 생각을 받아서
ISTJ,어제랑 동일합니다 ENTJ 님 그 자유 시간이라는 상황에서
ISTJ,너무 저랑 똑같은 반응을 보여줬어가지고 아 나처럼 이렇게
ISTJ,계획에 대해서 부담...을 가지고 스트레스를 받는 사람이 또 있구나라는 이제 공감을 하게 돼서
ESFJ,호감 MBTI는 ESTJ 님입니다 많이 생각보다
ESFJ,절 신경 써줘서 고맙기도 했었고 오히려 저는 좀... 다가가기가 힘들지 않을까?
ESFJ,이런 생각도 했었는데 매일매일 지내다 보니까 점점점 호감으로 왔던 거 같아요
ESTJ,오늘의 호감인 MBTI는 ENFJ 님 저한테 뭐를 해주신 게 아니에요
ESTJ,제가 말하는 걸 끝까지 들어주셨고 들어주면서 제가 정리가 되게끔 해주셨어요
ESTJ,제가 그렇게 해라가 아니라 필요한 게 있으면 가져가라 라는 식으로 원래 그렇게 제가 하지만
ESTJ,지금의 저한테는 그게 안 됐었는데 확실히 그렇게 해 주시게 되셔서 호감?
ESTJ,솔직히 그 이상인 거 같아요 제가 여자면... 나가기 전에 번호를 따지 않았을까
ENFJ,제일 저랑 많이 소통했던 똑같은 INFJ 친구에게 호감표를 똑같이 주고
INFJ,저와 같이 룸메이트를 쓰는 INTP 님을 선택하겠습니다
INFJ,모든 분들 중에서 이 환경에 적응하기 굉장히 힘들어 보이셨는데 그래도 꿋꿋이 버텨나가는 모습이
INFJ,멋있으셨고 제가 밤에 좀 많이 뒤척여서 중간중간에 깨시는데도
INFJ,싫은 표정 저한테 힘든 티 이런 거 하나도 안 내시고 그냥 뭐 잘 잤다 뭐 이런 식으로 그냥 말씀해 주시는 부분도
INFJ,멋있다고 느껴져서
ESFP,ESFJ 언니를 뽑도록 하겠습니다 저랑~
ESFP,처음부터 룸메이트셨거든요 근데 저를 배려해주셔서 언니가 잠버릇이 심하셔서
ESFP,저 불편할까 봐~ 거실에 나와서 소파에서 혼자 3일 동안 맨날 주무셨거든요
ESFP,저랑 룸메이트인데도 언니한테 고마워요 이렇게 저를 배려해서 3일 동안 혼자 외로웠을 수도 있는데
ESFP,거실에서 그 텅 빈 거실에서 저를 불편하지 않게끔 노력해 주었다는 점에서
ESFP,오늘은 ESFJ 언니를 뽑고 싶습니다
ESFP,INTJ 님이랑~ 이야기를 정말 잠깐이나마 했는데 너무 놀랍게도
ESFP,저도 INTJ인 친한 친구가 있고 그분도... 저의 MBTI인
ESFP,ESFP인 친한 친구가 있더라고요 그래서 그 친구들에 대해서 얘기를 해보니까 정말
ESFP,맞는 부분도 많았고 그분한테는 그분의 친구가 저한테는 저의 친구가
ESFP,좀 투영돼서 보이지 않았나 그리고 얘기하면 할수록 정말 많이 다르구나
ESTP,오늘은 P랑 J랑 이렇게 나눠서 생활을 했었는데 P는 확실히 계획적으로 행동하기보다
ESTP,규칙을 깨고 혹은 그냥 자유롭게 행동하는 것을 좀 더 선호한다는 거를 느꼈고
ENTJ,제작진 여러분들한테 여러 가지 감정을 느끼는 하루였다고 말씀드릴 수가 있겠어요
ENTJ,천국을 보내주더니 바로 지옥을 보내더라고요 J 성향을 가진 여러분들 잘 들으세요
ENTJ,이거 진짜... 귀에 때려박으세요 여러분들한테는 휴식 시간이라는 게 없어요 그냥 자유 시간 이런 거
ENTJ,삶에 있어서 진짜 쓸모없는 거예요 J의 곤조대로 진짜 무소의 뿔처럼 그냥
ENTJ,직진으로 나가세요 하고 싶은 대로 하세요 제가 P처럼 한 번 해보고 나니까 그거 지옥입디다
ISFP,아! 계획표라니! 초등학생 때 짜도
ISFP,저는 그걸 실천한 적이 단 한 번도 없거든요 근데 또 계획표라니... 막막했죠 근데 계획표는
ISFP,계획표 짜는 사람 마음이잖아요 그래서 더 마음이 놓였던 것 같아요 어? 그러면 이때 이때 자유 시간
ISFP,이때 이때 밥 먹으면 되고 끝!
ISTJ,오늘은 전체적으로 피곤했어요 아침에 눈 뜰 때부터
ISTJ,지금까지 계속 피로가 누적된 느낌 이유를 굳이 찾자면은
ISTJ,자유 시간 때문에... 이게 제작진의 의도였을까요? 이 그림이? 이게 공적인 미션 안에서
ISTJ,자유 시간이라고 하니까 이거 어떻게 컨트롤 해야 될지 어떻게 그냥 너무 막막했어요
ISTJ,한 거 없는데 피곤한 게 더 싫어요 근데 또 그렇게 할 일이 없었니 당황 백 프로 그 자체..?
ISTJ,갑자기 계획표를 이렇게 바꿔가지고 오시니까
ENFP,단순히 계획을 싫어해서가 아니라 저는 어떤 일이든지 일어날 수 있다고 생각해서
ENFP,안 하는 것 같아요 그러니까 뭐 길을 가다 보면 소변이 마려울 수도 있구ㅋㅋ
ENFP,뭐 길을 가다 보면은 빵이 먹고 싶을 수도 있고 목적지까지 가는 데 있어서
ENFP,근데 저는 목적지도 중요하지만 그 사이에 제가
ENFP,즐기게 되거나 보게 되거나 듣게 되는 그 순간순간이 되게
ENFP,중요하다고 생각하거든요 물론 길을 좀 돌아서 가는 느낌이지만~ J들은 좀 더 빨리 가고 싶어 하는
ENFP,성향인 것 같고 근데 저는 천천히 가는 걸 좋아해서 그 사이에 산도 봤다가 나무도 봤다가
ENFP,어 저긴 새가 있었네 저기는 구름이 있네 이런 시간을 좀 즐기는 것 같아요
ENFP,그래서 계획을 안 짜는 스타일이에요
ISTP, I나 F인 분들은 조금 용기가 생긴 느낌이 들었어요
ISTP,이 중에 뭐 3명만 나가서 얘기해라 하면은 절대 안 나왔겠죠 그분들은 그리고 본인들은 뭐 이제
ISTP,얘기를 잘 못한 거 같다 뭐 말 더듬은 것 같다 이렇게 하시는데 제가 봤을 때는 다들 말 잘하신 것 같고
ISTP,다 각자 자기 성격대로 그 말들이 나온 것 같아요
INFP,피곤했던 게 약간 몰려와가지구 고장이 났었던 하루였던 것 같아요 계속 다른 방
INFP,에서만 생활하게 돼가지고 한 번도... 생활하는 중에 쉬어본 적이 없어서
INFP,되게 힘들었었는데 처음으로 이제 친구가 생겨서 오늘 낮잠도 자고
INFP,마지막 날이기도 하고 해서 되게...
INFP,뜻깊기도 했고 음 뭔가 친해진? 엄청 친해진?
INFP,까지는 아니더라도 친해진 사람도 많다고 생각이 들어서 되게 기분이 좋습니다
ESFJ,오늘도 울 줄은 몰랐는데 투표 보고 울어서
ESFJ,진짜... 나 생각보다 그런 거 신경 많이 쓰는구나~ 이런 거에 되게
ESFJ,내 자신한테는 되게 놀랐었고 어 그 J 방 사람들한테 좀...
ESFJ,민폐였을 까봐 너무 미안했어요 근데 와중에 막 다들 막 챙겨주고 막~ 이렇게 신경 써주고 해줘서 너무 고마웠고
ESFJ,어 일단 책을 봤던 이유는 그 책 안에 단점이 적혀 있더라고요
ESFJ,어쨌든 한 표도 뭐 호감도 비호감도 안 받았으니까 뭐가 잘못됐을까를 생각하기 이전에
ESFJ,내 유형을 좀 더 잘 알아야겠다 이 생각이 들어서 책을 보면서 단점을 좀 더 봤던 것 같아요
ESFJ,그래서 좀 보다가 보니까 책에서 그게 나오더라고요 남을 너무 배려하는 게
ESFJ,호불호가 굉장히 갈릴 스타일이라고 거기서 약간 뜨끔했던 게 저는 챙겨줄라고 하는 걸
ESFJ,되게 좋아하는 성격이어서 되게 막 챙겨주고 어 뭐 이렇게 하고 그랬었는데
ESFJ,그게 남한테는 불호로 올 수도 있겠구나 이런 게 저는 조금 오...
ESFJ,내 배려가 남한테는 부담? 이 좀... 좀 놀랐던 거 같아요
ESTJ,MBTI 인사이드의 이제 제작진분들께서 어떤 거를 바라셨는지 알 것 같다는 생각이 들었습니다
ESTJ,단 자기 자신을 찾는 거 그리고 편견을 깨는 것 다양한 사람들이 있다고 생각하는 것
ESTJ,모든 걸 가지고 가는데 일단 자기 자신을 찾는 거 그게 다른 사람들을 이해하는 제일 큰 문제고
ESTJ,이걸 전달한 메시지라고 생각을 했습니다 너무 감사한... 콘텐츠인 거 같아요 저한테
ENFJ,ENFJ가 분명히 안에 곪아있는 게 분명히 있을 거라고 생각이 들어요 표현하는 방법이
ENFJ,남한테 맞춰져 있는 표현 방법이다 보니까 그 부분을 어떻게 풀어야 될지를 명확히 오늘 알았고
ENFJ,싫으면 싫은 부분을 내가 내 걸 꺼내야 되겠다라고 생각이 들기도 해서 만약에 좋아하지 않는 상황을 마주쳤을 때
ENFJ,어떻게 해야 될지도 많이 생각이 됐고 조금은 재밌게 생각을 해볼 수 있을 것 같아요
ENFJ,근데 그게 얼마나 갈지는 모르겠는데 음... 뭐 저한테 조금 더
ENFJ,신경을... 써 봤으면 좋겠다는 생각이 이번에 좀 들어서
ENFJ,저를 조금 더 아껴주는 방법도 한번 해 봐야겠다! 그리고 남들에게 표현도
ENFJ,나에 대한 표현을 좀 해 봐야겠다라는 생각이 네 많이 들었던 거 같습니다
INFJ,그리고 저희 J끼리 남았을 때 저희는 확실하게 계획대로 되지 않으니까
INFJ,굉장히 루즈해지고 이게 다운되는 느낌이 세서 저도 엄청... 그 피곤해지는
INFJ,느낌이 있더라고요 아무것도 안 하고 가만히 있을려니까 안 하는 게 또 일이 돼 버리니까
INFJ,굉장히 피곤한 느낌이 있었습니다 확실히 계획을
INFJ,정하고 사는 게 행복한 것 같습니다 아 이게... 사실 밖에서도 좀
INFJ,막 잘 웃어준다 많이 웃는다 예스맨이다 이런 얘기를 많이 들었는데 그런... 그런 말은 뭐 평상시에
INFJ,자주 해 주셔서ㅋㅋ 괜찮긴 하지만 미소 천사라는 이름의 단어가 조금
INFJ,너무... 부끄럽지 않나.. 유아틱하기도 하고ㅋㅋ
INTJ,제가 약간 변하려고 할 거 같아요 그 이전까지는 내가 변해야겠다 내가 좀 달라져야겠다는 생각을
INTJ,아예 안 했는데 여기서 4일 동안 지내고 나니까 내가 달라질 때 느낄 수 있는 것들이
INTJ,정말 많겠구나라는 생각이 들어서 굳게 약간 믿어왔던 그런 생각들을 조금...
INTJ,어 치우고 다른 걸 시도해봐도 괜찮지 않을까 라는 생각이 되게 강하게 잡혀가지고
ISFJ,오늘 하루는 마지막 날이어가지고 뭔가 엄청
ISFJ,저는 집에 가고 싶었어가지고 좋을 줄 알았는데 막상 또 가는 날이 되니까
ISFJ,조금 아쉽기도 하고 정말 대화를 오늘은 많이 해가지구 이것저것 배우는 것이 많은 하루였습니다 
INTP,아 ESFJ님이 좀 안타까웠어요
INTP,왜냐면은 저랑 정반대이신 성격이잖아요 그러니까 저라면은
INTP,신경을 안 썼겠지만 그렇기 때문에 정반대인 사람에게는 그게 얼마나 상처가 됐을까
INTP,오히려 그게 더 크게 느껴지더라고요 인간과의 관계를 정말 중요시 여길 거 아니에요
INTP,그분 입장에서는 왜냐면 저는 인간관계를
INTP,정말 신경을 안 쓰는 타입이니까 내가 신경을 안 쓰는 만큼 저 사람은 신경을 쓰겠다 라고 생각을 하고 보면은
INTP,그 사람에게 되게 중요한 가치관일 텐데 좀 많이 상처가 됐을 것 같아서
INTP,그게 오히려 역으로 공감이 됐어요
ENTP,P하고 J하고 바뀌었는데 저는 깜짝 놀랐던 게
ENTP,생각보다 저한테 좀 J... 가 있는 것 같더라고요 저는...
ENTP,J보다는 사실 부지런한 P인 거 같아요 그래서 뭔가 생산성 있는 걸 하고 싶어 하고
ENTP,오늘 마지막 날이잖아요 마지막 날이고 우리가 이제 함께할 시간이 얼마 남지 않았는데 추억을 쌓으려는 생각도 없이
ENTP,그렇게 그냥 쉬어 버리자 이것도 좋아해 버리니까 어 조금 속상해서 뭐라도 조금 같이 해보고 싶어서
ENTP,이렇게 했던 것 같아요 그냥 추억 쌓고 싶어서 이 시간이 너무... 생산적이지 않게 흘러가는 게
ENTP,너무 속상해서 저는... 사실 생각하는 게 ESTP하고 I .. ESTP 하고
ENTP,되게 맞는다는 걸 제가 많이 느꼈거든요 그런 자존감 부분이나 이런 게? 근데
ENTP,제가... 이렇게 조금 고민이 많은 모습을... 이렇게 비치기도 했지만
ENTP,그게 자존감이 무너졌다거나 그게 아니라 정말 저는 이번 4박 5일 동안
ENTP,제 인생의 한 챕터를 진짜 딱 끝낸 기분이었어요 1챕터를 끝내고
ENTP,계속 이제... 1년 동안 힘들어하다가 진짜 두 번째 챕터를
ENTP,어제 찾았거든요 너무 힐링이었어요 진짜 정말 힐링이었어요
ENTP,10년 전... 17살
ENTP,10년 전으로 돌아가면 그때의 본인한테 어떤 얘기를 해주고 싶어요?
ISFP,아.. 6학년?
ENTP,와 제가 이 질문을 받게 될 줄은 몰랐어요
ENTP,열일곱 살인데 딱 고등학교 들어가가지고
ENTP,그때 첫 번째 챕터가 시작된 그때였던 것 같아요
ENTP,10년 전의 나한테?
ENTP,잠시만요
ENTP,그냥 잘하고 있어 할 것 같아요 잘하고 있어 하고 싶은 거 하고
ENTP,응 잘하고 있어 그대로만 해 이럴 거 같아요
ESFJ,언니 언니도 여섯 시에 잤어요? 
ENTP,나 여덟 시
ESFJ,아?
ENTP,한 시간 잤어
ESFJ,끝난 건 여섯 시라면서요
ENTP,끝난 건 여섯 시고 올라가서 예준 언니랑 얘기 엄청 많이 하고
ESFJ,진짜ㅋㅋ
INTP,ISTP 님? 저기요?
ESTJ,안녕하세요~
ENTJ,왔어 일타강사 
ESTP,헬로 헬로
ESTP,아니 11시까지라고 해서 11시까지 왔는데 왜.. 안 하는 거지? 
ENFJ,어 잘 한 거야
ESTP,왜 안 하지?
ENFJ,오시겠지 모르겠다 한 명이 안 왔잖아. 아니네.
ESTP,다시 올라갈까? 
ENFJ, 아 두 명이 안 왔구나
ENFJ,만약에 친구 10명이서 아니 아니 다섯 명이 단체로 만나 근데 너가 제일 먼저 도착했어
ESTP,어 그럴 일이 없어
ENFJ,아... 절대?
ESTP,절대 없어. 근데 만약에 그랬다 치자
ENFJ,어 거기 5명 다 늦게 오는 타입이야 근데 너가 다른 사람이 늦게 오는 걸 알고
ENFJ,너도 그냥 조금 늦게 나갔는데 네가 더 먼저 도착한 거야 그때 어떻게 해?
ESTP,그럼 전화하지
ENFJ,뭐라고? 
ESTP,야 어디야? 왜 안 와?
ENFJ,응 가고 있어~ 했어
ESTP,어딘데
ENFJ,한 30분 정도 더 걸릴 거 같아
ESTP,미X 놈이네? 미리 애기해야지 미X 놈아
ENFJ,너도 얘기 안 한대매 10분 전에 얘기한대매
ESTP,어 나도 늦게 얘기해
ENFJ,앞 뒤가 1도 안 맞어
ISFJ,좋겠다
ISFP,아니ㅋㅋ 언니 보셨어요?
ISTJ,뭔데 왜요?
ISFP,아니 지금 일로 와 보세요 저분 저거 쓰고 인형 만들고 있어요
ISFJ,아 웃겨
ISFP,진짜 진짜 대박이야 진짜
ISTJ,우와~
INTP,아침에 하나 만들었어요
ISFJ,우와 너무 귀여워요
INTP,귀엽죠?
ISFJ,네. 저 방 분들한테 선물도 해.. 주셨던데 
INTP,아~ 네 갖고 싶어 하는 분들한테
ISFJ, 저도 갖고 싶어요
INTP,하나 드릴까요?
ISFJ,네 ㅋㅋ
INTP,그래요
ISFJ,아 진짜요? 이거요?
INTP,그거요?
ISFJ, 네 이거요
INTP,어 그래요
ISFJ,어 여기에요?ㅋㅋ 오 대박 눈 보여요
INTP,눈 마주치고 있는데
ISFJ, 눈 막 크게도 되고 작게도 되고 그래요?
INTP,엄청 크게...할라면 하긴 할 수 있죠
ISFJ,엄청 작게 해서 미간 넓게도 만들 수 있어요?
INTP,아 눈을 더 벌어지게 해달라? 눈을 한 여기 달아달라고? 약간 눈이... 
ISFJ,어 저 미간 넓은 메타몽으로 해 주시면 안 돼요? 
INTP,아 한번 해볼까요?
ISFJ, 저 미간이 넓어서 미간 넓은 거 좋아해요
INTP,자신과 닮은 메타몽을 만들고 싶다?
ISFP,좋다~
INTP,한번 도전해 볼게요
ISFJ,우와~
ESTJ,본인이 기다리게 하시는 건요?
ESTP,나?
ESTJ,네 형이 기다리게 하시는 거
ESTP,아 나는 근데 30분 늦지는 않아
ESTJ,그렇지는 않겠죠
ENTJ,한 번도 없어 그런 경우가?
ESTP,있지. 아이 근데 그건 미리 얘기를 하지
ESTJ,경험에 의거한 거 아니었어?
ENFJ,아 몇 분 전에 얘기해?
ESTP,한 10분 전?
ENFJ,그러니까 20분을 일단은 날로 나가는 거잖아요
ESTP,아 그치
ENFJ,아니 나는 항상 먼저 가 있는 주의니까
ENFJ,전혀 이해 안 가네 뭔가... 뭔가 당연시 되는 그런 말이 그러면 늦었을 때 그 느낌이 아무렇지 않아?
ESTP,내가 늦었을 때?
ENFJ,아니 그러니까 그 늦는 순간에. 응. 진짜 아무것도 없어? 어 같이 먹을래요? 어? 좋아요 
ISFP,같이 먹어요
INTJ,아아
ISFP,왜요?
ISFJ,그렇게 같이요?
ISFP,왜요? 더러워요?
INTJ,아니 좋아요 좋아요 아니요 아니요ㅋㅋ
ISFP,아 혹시 같이 먹는 거 안 좋아해요?
INTJ,아니요 아니요
ISFP,숟가락?
INTJ,숟가락이 없어서…
ISFP,저기
INTJ, 배고팠으
ISFP,맛있죠? 맛있죠?
INFJ,근데 오늘 뭐 할 거 같으세요?
ISFP,여기 정리
INFJ,정리?
ISFJ,정리 6시까지 한다고요?
INTP, 아~ 콘텐츠도 뽑고 정리도 하고
ISFJ,너무 오래 정리하는거 아냐?
INFJ, 아 어떻게 정리하나?
INTP,괜찮네~
ISFP,아니 나 정리할 거 너무 많아
ESFJ,내놓은 자식ㅋㅋ
ENTJ,알아서 잘 살.. 잘 살.. 잘 살 자식
INTP,뭐가 왔어
ESTP,첫 번째 미션 최후의 만찬. 냉장고에 있는 모든 식재료를 이용해서 12시반까지
INTJ,최후의 만찬을 드세요
INTP,이거 다 써야 된다고?
INTJ, 모든 식재료?
INTP, 계란... 계란 엄청 먹어야겠다
INFP,어 계란 있다
INTP,계란이랑 사과랑 뭐 이런 거 다 써야 되나?
ISFJ,근데 뭘 만들면 되지
ISFP,최후의 만찬
INTP,소시지랑 새싹 사과
INFP,계란에 소시지면은
INTP,커피 이런 걸 다 섞어서 만들 수 있는 음식이 있나?
ENTJ, 빨래 해주고 갈 거야? 수건 정도는?
ENFJ,수건? 오케이!
ENTJ,요 위에 있는 것만 걷어서 
ENFJ,수건만?
ENTJ,어
ESTJ,환기 좀 시키겠습니당~
ESTP,왜 왜 왜?
ENFJ,수건 돌리러 가게
ESTP,수건?
ENFJ,빨래
ENFP,싫어 너무 싫어
ENFJ,아 빨리~ 아
ESTP,조금만 이따 하자 진짜
ENFJ,아니야 지금 시간이 없어
ESTP,제발!
ENFJ,시간이 없어 같이 해
ENFJ,아이 지 입으로 소리 내
ENFJ,그래 거기
ESTP,수건? 수건?
ENFJ,어 수건들만 하면 돼
ESTP,돌릴 거 있어?
ENFJ,나는 뭐 가져가면 된다고 생각해가지고
ENFJ,수건만... 아이 야 각방 들렀다 가야지 이 씨 뭐 하는 거야
ENFJ,아니 재미.. 재밌는 생각을 갖고 있네
ESTP,아 내 거 하라는 줄 알았네
ENFJ,야 충격이다 그렇게 생각하는 게
ESTP,내 거 챙겨준 줄 알았어 난 세탁기 세팅하고 있을게
ENFJ, 아니.. 세팅할 게 뭐가 있냐고
ESFJ,세탁기를 왜 세팅을 해ㅋㅋ 미치겠다 진짜
INFP,물 조절 장인 나와주세요
INTP,물 조절?  아~ 내가 또 물 조절 장인이지
INFP,저 진밥 좋아해서 아무도 절 좋아하지 않아요
INTP,진밥? 
ISFJ, 어 나나나
ISFP,진밥 좋아해요 언니?
ISFJ,어 좋아요 나
ISFP,저도요~
INFP,진짜요?
ISFJ,진밥 좋아하는데 아무 말도 못 하고 있었어요
INFP,그니까
ISFP,너무 질고 질어서 죽 된 밥 좋아해요
ISFJ,죽 같은 밥
INFP,저 꼬들밥 먹으면 소화 안 돼요
ISFJ,저도요 저 그래서 소화가 안 돼서 화장실 못 가잖아요
INTP,그럼 뭐 오늘은 진밥으로 하는 걸로?
ISFJ,진짜 힘들었어요
ISFP,맞아 이제서야
ISFJ,마지막 날 드디어
ISFP,공개했어 밥 취향을
INFJ,다들 아무 얘기도 안 하고 있었어 첫날에ㅋㅋ I여서 그런가? 첫날에
ISTP,뭘?
INFJ,첫날에 우리 꼬들밥으로 할게요 했을 때 아무도 얘기 안 했었잖아요
ISTP,밥 꼬들밥이 맛있지
INFJ,근데 다들 죽밥 좋아한대요
ISTP,왜 말들을 안 했대 당연히 다 꼬들밥 좋아하는 줄 알았지
ISTP,말을 안 하니까
ENFP,너 안 도와줄 거면서 어슬렁거리지 말고 앉아있어!
ENFJ,아니 근데 아니 아니 궁금해 왜 일어난 거야?
ESFJ,아 진짜 웃겨 언니
ENFJ,무슨 생각을 했어?
ESFJ,아 너무 웃겨
ESTP,감독할라고
ENFP, 그냥 궁금해서
ESTP, 잘 하고 있나?
ENFP,도와줄려고 간 거 아니야
ESTP,도와줄려고 갔지 도와줄려고
ENFP,아니야
ESTP,근데 할 게 없어
ENFJ, 할 거 있어 이거 좀 놔줘
ESTP,효율성이 떨어져 거기서 놔
ENFJ,아 이것 좀 놔줘 빨리
ESTP, 알았어. 아니 이걸 왜 놔달래
ENFJ,좀 놔줬으면 좋겠어 나 보고 싶어
ENFP, 왜ㅋㅋ 왜 놔달래래라니
ESTJ,이왕 놓는 김에 좀 이쁘게 놔 주세요
ENFJ,처음 보긴 한다 놓는 거
ESFJ,가족 시트콤 같아
ENFP,아 나 오늘 왜 이렇게 재밌지?
ENFP,아쉽다 뭔가 다 본연의 자기로 뭔가 다 돌아.. 가고 있는 것 같아서 더 보고 싶다. 아 아쉬워 
ISFP,굿
INTP, 고기를 좀 이상하게 썰었나 봐요
ISFP, 제가 좀 이상하게 썬 거 같아요
INTP,아니 내가 이상하게 썬 거 같은데 앗 뜨거
ISTP,괜찮아?
INTP,괜찮아요?
ISFP,아 괜찮아요
INTP,물로 씻어 물로
ISTP, 눈 실명될 뻔했대 기름 튀어가지고 얼굴에
INTP,아 기름이 팍 튀어버리네
INFP,그거 불 줄이고 가서 눈 물로 씻고 흐르는 물! 흐르는 물에 씻어야 돼
ISFP,어 씻었어요 방금 씻었어요
INFP,괜찮아? 앉아있어
ISFP,괜찮아요 아 조심 뒤로 와요
ISTP,괜찮아요 눈에 튀긴 거?
ISFP,네 아이고야
ISTP,깜짝 놀랐잖아
ISFP,뭐야
ISTP,괜찮아요?
INTP,네
ISTP,쥐작가님?
INTP,네. 쥐X까라고 한 거 아니죠?
ENTJ,맛있게 드십쇼
ESTJ,맛있게 드세요
ESTP,잘 먹겠습니다~
ESFP, 저 포카리 좀 주세요
ENTJ,다 털었다 얘들아
ESTP,우와 이걸 어떻게 순식간에
ENFP,짱이다 진짜로 대박이야
ESFJ,언니 덕분에 정말 많은 음식을 먹고 간다
ENTP,고마워 나도
ENFP,맛있어?
ESTP,우와 진짜 맛있다
ENTJ,컨셉 희한하게 잡았는데?
ENFJ,포인트 자체가 뭔가 너무 특이하다
ENFP,이게 원래 모습인 거잖아
ENTJ,아 원래
ESTP,점점 나오고 있어
ENFP,어 점점 나오는 거지
ENTJ,그니까 컨셉.. 생각을 한 거 같아 자기 직전에
ENTJ,나 내일 진짜 완전 내 모습 보여줘서
ENFJ,마무.. 마무리해야겠다
ENTJ,어 그런데 근데 1타 강사의 모습을
ENTJ,확실히 찍어줘야겠다 근데 이것조차도 스스로 만족해 하고 맘에 들어 하는 게 꼴뵈기 싫어 지금
ISTP,조용하구만
INTP,조용한 게 좋다
ISTJ,오랜만에 I끼리 밥 먹지 않아요 오늘?
INTP,맞아 아니 나는 왜
INFP,맞다
ISTP,너무 좋아?
INTP,네
ISTJ,첫날 이후로 이렇게 밥 먹은 적 없잖아요
INFJ,없는 거 같아요 맨날 넘어가서 점심 먹고 
ISFP,그러네 근데 언니는 계속 여기 계셨죠?
ISTJ,저 한 번도 안 움직였어요
ISFP,와 진짜 대박이다
INTP, ISTJ는 여기 한 번... 계속 여기 있는 거구나
INFP, 한 번도 안 움직이고
ISTP,여기 안주인
INFP,저는 한 번도 여기 안 있었어요
INFJ, 아 진짜로?
ISTP,그러네
INFJ,첫날에도 갔네
INTP,맞네
ESTJ,왔다
ESTP,벌써 왔어?
ESTJ,오 마지막은 근데 형이 다 읽었어
ESFP,울지 말고 얘기해~
ENFP,야 연기하지 말고 연기하지 말고
ESFP,아 우는 척 해봐
ESFJ,F 안 돼
ENFP,또 연기하는 거야?
ENTJ,오늘 미션들이 다 맘에 안 드나 보네
ESTP,마음에 안 들어 이게 뭐야?
ENFP,읽어줘요 읽어줘
ESFP,진짜 맘에 안 든다 
ESTP,그럼 좀 이따 할까? 10분만 있다 할까?
ENFJ, 30분... 어 1시까지래매
ESTP,어 그러니까 한 20분이면 하잖아 딱
ENTP,1시까지?
ISTJ,아 쌉가능
ISTP,식후땡이나 합시다
INTP,어차피 30분밖에 없잖아
ISTP,안 했잖아
ISTJ,안 했어요 안 했어요
INTP,너무하네
ISTP,설거지 제가 할게요
ENTP,그럼 지금 짐 정리하고~
ENFP,아까 너가 쓸었잖아
ENTP, 10분…
ESTJ,쓸고 했는데 닦기도 닦아야 되고
ENTP,40분까지 내려오자
ENTJ,얘들아 이거는 그냥~ 그냥 포장한 거고 
ESTJ,나가기 전에
ENTJ,이거 빌린 거라서 깔끔하게 빠져야 돼가지고 청소해달라를
ENFP,청소해달라~
ESTP,아 그래요?
ENTJ,감성을 넣어서 표현하신 거야
ENFP,그렇지 그렇지
ENTJ, 너네 이제 집 갈 시간이니까 이거 에어비엔비 후기 누가~
ENTJ,1점 받으면 다음에 영향이 있어 그래가지고 다음에 또 방 빌릴 때 안 빌려주니까 좀 잘 좀 부탁한다 이 소리야
ESTP,아 그치 그치
ENFP,그러네 다~ 음식 다 먹는 것도 그렇고 청소하는 것도 그렇고
ENTJ,그냥 이제 깔끔하게
ENFP,오늘은 MBTI랑 상관이 없는 거 같은데ㅋㅋ
ENFJ,그냥 정리하는 날이네 정리하는 날
ENTJ,깔끔하게 안 해주면 너 편집 개 같이 해가지고 진짜 박제시킬 거니까 잘해라 이런 숨은 의도가 있는 거라고
ESTP,10분만 있다 하자 10분만
ENTJ,자기 자리는 알아서 잘 치우세요 여러분들 아시겠죠
INFP,짐 정리 다 했어요?
INTP,나 짐 정리는 한  1분 만에 할 수 있을 거 같은데
ISFP,맞아 맞아 그냥 넣기만 하면 되잖아요
INTP,그냥 대충 쑤셔 넣으면 되잖아
ISFP,INFJ 님 짐 정리 어떻게 해요?
INFJ,저요? 저는 다 돼 있을걸요 거의
INTP,나만 어질러져 있어
ISFP,우와 저도
INTP,나만 나만 어지럽고 깨끗한 거는 INFJ 님 가방이고
INTP,우리의 청소 기준이랑 좀 다를 텐데 J들의 기준이 난 사실…
INFP,난 지금도 깨끗하거든요
INTP,어 난 이미 깨끗하거든
ISTP,더 청소할 거 없잖아
INTP,여기서 뭘 청소해야 되는지 모르겠는데
ISTP, X나 깔끔해
INTP,이미 완벽하게 깨끗한 거 아닌가?
ISTP,청소 왜 해?
INTP,아~ 이런 거!
INFJ,미션!
INTP,그래 이런 거 치워
ISTP,근데 이미 깨끗하잖아
INTP,버려 버려
INFJ,형 짐 정리 그럼
ISTP,할 거 없어 가방 그냥 메고 바로 가면 돼
INFJ,형 그럼 좀 쉬세요
ENTJ,어 환기 좋다잉
ESTJ,당연하죠~
ENTJ,좋~았다
ESTJ,이불만 좀 개 놓고
ESFJ,머리카락이 장난 아니야
ESFP,내 캐리어…
ESFJ,난 근데 이미 거의 다 싸놔서 지금
ESFP,헐! 난 한 번도 정리 안 했는데
ESFJ,미리 싸놨지 아침에 이거... 우리 자림이 고데기 아니야
ESFP,맞아~ 고마워용
INFJ,할 거 없으시면 이거 하실래요?
ISTP,아 이거?
INFJ,네. 형 여기 여기 먼저 형 여기 먼저 해주세요ㅋㅋ
INTP,제가 좀 할까요?
ISTP,굳이 해야 돼?
INTP,네?
ISTP,굳이 해야 돼?
INTP,청소해야 되나고요? 하라니까 해야 되겠죠?
ISTP,안 해도 되잖아
INTP, 네 뭐... 제가 할게요
ISTP,여기 다 했어
INTP,아 그래요?
ISTP,하는 척만 하자
INTP, 이거 줘요 제가 제가 제가 할게요
INTP,여기 닦고 있으면 대충 이러고 있으면
ISTP,어 거기만 해
ISTP,다 했다
INTP,굿! 청소 끝
ISTP,청소 끝! 쉽시다 우리 
ENFP,혹시 제 이거... 로.. 머리 마는 롤 본 적 있는 사람
ESTJ,밑에는 없는데
ESTP,일단 저는 아니에요
ENFP, 롤 하고 내가 어디다 놨지?
ENTP,언니 그거 언제 마지막으로 썼
ENFP,미안해 여기 있었어
ENTP,그럴 거 같았어
ENFP,쏴뤼~
ENFP,아 저기 또 있었잖아! 까먹었어
ENFP,맞다 맞다
ISFP,언니 방 다 정리했어요? 아 올라가야겠네
ISFJ,당신의 짐만 챙기면 됩니다
INTP,ISFP 님 짐 정리하는 거 구경해도 돼요?
ISFP,뭐 마음대로~
ISFJ,너무 재밌어 하셨어
INTP,저걸 어떻게 정리하는 지 궁금해
ISFJ,"""이게 이게 바로... ISFP 님의 짐인가요?"" 이러면서ㅋㅋ 재밌어 하셨어 "
ISFP,왜 뭐 어때요!
ISFJ, 아 근데 우리 우리 방에 쓰레기랑 수건 진짜 많더라고요
INTP,방대하게 어지른 건 처음 봐서
ISFJ,깜짝 놀랐어요 아니 수건이 한 10장이 넘게 있어요 우리 방에
ISFP,아 진짜요?
ISFJ,우리가 쟁여놨나 봐요ㅋㅋ
ISFP,아니 뭐…
INTP,수건이 다 어디
ISFJ,옷 같이 개 줄게요
ISFP,아냐 아냐 안 개도 돼요
ISFJ,그래도 안 개면 근데 안.. 안 들어가지 않아요?
ISFP,그래서 잘 구겨 넣어야죠
INTP,와 그렇게 진짜…
ISFP,그럼 어떡해!
INTP,아니 올 때도 그렇게…
ISFP,안 들어가는데
INTP,올 때도 그렇게 왔어요?
ISFP,네! 네! 아 이거 안 넣었다 네
INTP,그거는... 짐 정리를 하기 위해선 팔 힘이 필요하다? 체중이 필요하다? 
ISFP,그럼요 다들 이렇게... 어떻게 짐 싸셨어요?
INTP,저는 그렇게 막... 못 닫을 정도로 많이 싸들고 오질 않아서
ISFJ,아 귀여워
INTP,좀.. 도와줄까요?
ISFP,네?
INTP,좀 도와드릴까요?
ISFP,아유 뭘 혼자 할 수 있어요
ESTJ,아 이거 제가 가볼게요
ESFJ,또 미션인가?
ESTP,뭘까
ESTJ,나가용 저기 딴 거야
INFP,안뇽하세요~
ESTJ,딴 거야 우리
ESFJ,뭐야?
ESTJ,저기는 막 펜이 있는데?
ISTP,뭐야?
INFP,롤링 페이퍼 같은데요
ISTP,항 기모찌 개 좋아. 우리 갈 필요 없어
ENFP,I 방?
ESTJ,네 I 방으로 
ENFP,가자~
ESFJ,오 나 기똥차게 알아맞혔네
ESTP,아 롤링 페이퍼 해?
ESTP,추억이다 추억
ENFP,그러니까 레츠 고 레츠 고!
ESFJ,맨발로.. 그냥 갑니다 어머 거울에 이거 난리 났어 어머
INTP,아 벌써 기 빨리는 소리가 들린다
ENFP,헬로~ 아 여기 다 있었네~ 안녕 안녕~ 잘 잤어~?
ISFP,언니 저거 언니가 놓고 간 거죠
ENFP,어 맞았어!
ISFP,우와 이름 써 있어 대박
ESFJ,자 배부하시죠 우리 강사님
ESTP,네 그럼 이건 제 거
ISTP,너 이우석이야?
ESTP,그렇지
ISTP,실망이다
ESFJ,우리 댄서 씨
ENFP,실명이 다 나와 있구나
ESTP,자 다 돌아가면서 받으세요 여기
ESTP,자 여기 이거 이거 자기 거 받는 거 아니잖아
ESFJ,나
ENTP,바꾸실 분~
INTP,저랑 바꾸시..죠
INTP,저랑
INTP,다 쓰신 분?
INFP,저요
ISTP,아니 이거 진짜~ 처음에 이렇게 돌리면서 했어야 돼
ENTJ,아유 잘했다 숙제 끝~ 해 봐
ENTP, 귀여워
ESTP,애기 같아
ISFP,끝났어요!
ESTP,너무 좋아!
ENTJ,고생하셨습니다
ESTP,상 궁금하다 MBTI상
ESTJ,아직도 1억이라 생각하세요?
ISTP,아니 500만 원
ESTJ,줄었어 너무 확 준 거 아니에요?
ESTJ,왔다
ESFP,긴장된다
ESTP,잘 가고!
ESTJ,여러분 투표 결과 나왔습니다~ 앞에 있어요 게시판 들고 올 수가 없는데 들고 올까?
ENTJ,아 나 비호가 또 늘었어? 아니 얘들아 왜 비호를 주는 거야 진짜
ESTJ,이거 나와봐요 여기 이것도 있어요 읽어볼게요
ESTJ,손 들까요?
ENFP,쵸단님이야?
ESTJ,공동 우승 같은데요?
ENTJ,공동 우승이야 공동 우승
ESFJ,놀랐어 놀랐어
ENFP,어디로 가야 된다고 지금? 들어가면 돼? 
ESTJ,14시 50분까지 E 방으로 오시면 됩니다 들어가서 얘기하시죠
ESTP,얘들아 들어가자
ESTJ,이거 내가 들고 갈게 들고 갈게요 들고 갈게요 가시죠 왜? 아쉬워요? 500만 원 못 받아서?
ENTJ, 축하해 축하해
ISTP,까비 까비 아 몇 개만 더 받았어도 우승인데
ESTP,우와 형 됐어 될 줄 알았어
ENTJ,야쓰! 이야쓰!
INFP,나 왜? 나 왜? 내가 왜? 내가 왜? 왜? 왜지?
ESFJ,내가 왜래ㅋㅋ
INFP,왜 왜일까? 내가 왜?
ESFJ,왜 그랭
ENTP,왜~
ESFJ,놀랐어
ENTP,놀랬어?
INFP,나 아무것도 한 게 없는데
ESFJ,어 아니야
ISTP,형 비호가 늘어났어요
ENTJ,어 희한하더라고
ESTP,비호 왜 늘어났지? 어제?
ISFJ,그리고 불편했던 분은 ENTJ님 어젯밤에
ISFJ,저 잘려고 하는데 밖에서 술을 너무 오래 드셔가지구 조금.. 시끄러웠어요
ENTJ,드머 아닐까 생각을 하고 있어 나는
ISTP,왜 그렇지? 
ENTJ,나는 드머라고 생각을 하고 있어 ㅋㅋ
INFP,난 진짜 한 게 아무것도 없는데
ESFJ,왜 아무것도 없어
INFP,진짜 아무것도 없어
ESFJ,왜 아무것도 없어
INFP,진짜 아무것도 없는데… 진짜 다 죄송한 거밖에 없는데
ESFJ,언니가 얼마나 좋은 사람인데
INFP,맞아 맞아! 
ESFJ,즙 나올.. 나 즙 나오면 안 된다고~
ESFJ,나 오늘은 즙 나오면 안 된다고
INFP,아...이 잠시만요
ENFP,에이구~
ESFJ,나 또 즙 나왔잖아
ENFP,감사해서 울었어?
INFP,감사한... 감사한데 뭔가 아무것도 한 것도 없고..
ENFP,뭘 한 게 없어~ 
INFP,뭔가... 죄송하고
ESFJ,뭐가 죄송해? 
ENFP,왜 죄송해ㅋㅋ 어떤 포인트가 죄송한 거야
ESFJ,대체 왜?
ENFP, 왜 죄송했어?
INFP,몰라~
ENFP, 귀여워!
INFP,막 잘 도움도 안 된 것 같고 막 민폐만 끼친 것 같다가 갑자기 팡 해서
ENFP,아니야 투표의 기준은 도움이 잘 됐다 이런 게 아니라 뭔가 뭐 반전 매력도 당연히 있을 수도 있고
ESFJ,있을 수도 있는 거야
ENFP,그치~ 어 안 그런 줄 알았는데 그랬네? 아니면은
ESFJ,강한 임팩트인 확률이 높아
ENFP,아니면 뭐 좀 변했네~ 가 될 수도 있고 나가서 감사합니다~ 하면 되지
INFP,네!
ENTJ,쵸단이 잘했어~
INFP,네!
ESTP,1등 할 줄 알았어
ISTP,나도 첫날부터 보자마자
ESTP,첫날부터 딱 알았어 아 얘 1등이다
ISTP,얘 1억의 주인공이 되겠다
ESTP,그렇지~
ENFP,1억의 주인공이래ㅋㅋ
ENTJ,갔다 올게
ESTP,잘 가~
ENTJ, 잘 가~
ISTP,다녀오세요!
ENTJ,쵸단아 가자!
ESTP, 잘 가~
ESTJ,전진 앞으로~ 가! 하나! 둘! 
INFP,왼발! 왼발! 왼발!
INFJ,세상에
ENTJ,"하나, 둘, 셋, 넷 하나, 둘, 셋, 넷"
INFP,발 바꿔~가!
INFJ,오...
ENTJ,발 바꿔~가! 안녕하세요 안녕하십니까~
ENTJ,안녕하십니까~ 안녕하세요
ENTJ,감사합니다
ENFP,올해 안에? 올해 안에요?
ENFP,올해 안에 하려고 했던 것들 일단 하려고 한 게 없어요
ENFP,내년에 하면 되잖아요 그래서 뭔가 그런 계획이 진짜 없는 것 같아
ENFP,다이어트 정도랄까요 사실 지금 10년 넘게 하고 있는 것 같은데
ENFP,제가 행복한 게 제일이죠
INFP,내년에는 내년에는
INFP,내년에는 3대 300
INFJ,제가 해외에 여행을 다녀본 적이 없어서
INFJ,그냥 개인 자유여행으로 핀란드를 한 번 가보고 싶다 그 군대에 있을 때 핀란드를
INFJ,의장행사 때문에 갔었는데 기분이 안 좋다가도 공기를 마시면 기분이 좋아지더라고요 그 정도로 막 깨끗하고
INFJ,화창하고 백야도 펼쳐져 있고 밤에 그런게 너무 좋았던 추억으로 남아있어서 꼭 한 번 가보고 싶습니다 
ENTJ,제작비가 보장될 수 있을 만큼의 수익을 벌어서
ENTJ,그거를 사람들이랑 병맛으로 하고 싶은 게 너무 많거든요 그러니까
ENTJ,막 해보고 싶은 콘텐츠들이 너무 많은데 제가 100만 원을 못 버니까 그걸 못하는 거예요
ENTJ,내년의 행보는 뭐가 됐던간에 제가 생각한 기획들과 창의적인 생각들을 표현할 수 있을 만큼의
ENTJ,뭔가 위치가 올라갔으면 좋겠다는 게 우선 저의 목표이고 그걸 위해서 부단히 노력을 계속할 거라고 생각해요 
ISTP,내년에 목표는 제가 원래 이제 주기적으로 공연을 했었어요
ISTP,제가 EDM을 하고 있고 DJ도 했어가지고 내년에 공연을 다시 한번 꼭 하고 싶고요
ESFJ,더 능력있는 사람이 되자. 더 능력있고 더 멋있고 더 강하고 센스있고 매력덩어리가 되자 
ISFP,아 있다
ISFP,저는 다른 나라 가서 가이드를 한 번 해보고 싶어요
ISFP,처음으로 해외여행 갔는데 그 나라가 너무 좋았던 거예요
ISFP,어디였지? 어 부다페스트 네 맞아요 부다페스트
ISFJ,애기 낳아보고 싶어요
ISFJ,아이를 키우는 행복이 얼마나 클지 궁금해요 제가 강아지 키우는데
ISFJ,너무너무 예뻐가지고 이렇게 이쁠 수가 있을까? 싶을 만큼 너무 이쁘거든요? 그리고
ISFJ,정말 아무리 짜증나는 일이 있어도 얘를 보면 다 풀려요 근데 엄마한테 말하니까 엄마가
ISFJ,애 낳으면 그거의 100배로 행복하다고 그래가지고 궁금해요 얼마나 이것보다 이쁠 수가 있나?
INTP,버킷리스트? 제가 버킷리스트가 다 있어요 근데 그게 결국엔 뻔해요
INTP,내가 좋아하는 만화 속의 캐릭터를 다 만드는건데 진짜 말도 안되게 잠자기 전에도 그걸 생각해요
INTP,언젠가 이거는 꼭 만들고 싶다 자기 전에 그걸 생각해야 잠이 와요 그리고 다 짜져있어요
INTP,몇 년 안에 이걸 만들고 몇 년 뒤엔 꼭 이걸 만들어야지 근데 저는 만들기에만 꽂힌 사람이라서
INTP,그 버킷리스트가 전부 만들기에요 언젠가 죽기 전엔 이걸 만들고 한 80살 전까지는 꼭 이거 만들고
INTP,그래서 저는 전부 다 만들기 버킷리스트 밖에 없어요
ENTP,제가 노을 보는 거를 되게 좋아하거든요 
ENTP,그래서 집을 나중에 구해도 꼭 서향 집을 구하고 싶었어요 근데 그게 한번 그 시그니엘
ENTP,그 잠실에 있는 큰 빌딩에 있는... 사는 분의 영상을 본 적이 있어요 유튜브에서
ENTP,근데 서울에서 제일 높은 곳에서 해가 떨어지는 마지막까지 볼 수 있는
ENTP,제일 높은 곳이잖아요 거기에 살아보고 싶더라고요
ENFJ, 버킷리스트는 그냥 진짜
ENFJ,전 세계를 돌아다녀 보고 싶긴 해요 가서 또 부딪혀보고 싶은 것도 있고 근데 이제 또
ENFJ,나이가 들면 또 생각이 바뀌겠죠? 아직은 제가 좀 젊다라고 생각하고 있습니다
ISTJ, 그냥 전 제가 좋아하는 것만 하고 사는 게 버킷리스트에요 
ISTJ,물론 지금 하는 모델 일도 너무 좋아하고 사랑하는 직업이지만
ISTJ,미래를 생각을 하면 다른 부분을 개발해야 돼가지고 근데
ISTJ,저도 약간 성격이 제가 싫어하는 거 하려면은 억지로 못하는 타입이어서 무조건 내가 좋아하는 걸로 디벨롭 하자
ISTJ,좋아하는 것들 중에서 찾아보려고 하는 중이에요
INTJ,사실 유럽여행을 계획했을 때
INTJ,메인 테마가 축구였거든요 제가 축구를 좋아해서 경기장에 직접 가서
INTJ,경기를 보는게 버킷리스트였는데 그게 이제 미뤄졌죠 1년 이상 미뤄지다보니까
INTJ,이제 뭐 좋아하던 팀의 좋아하던 선수가 팀을 떠나거나 이런 게 이뤄지다 보니까
INTJ,딱 그때 갔었어야 하는데 하는 아쉬움이 조금 있는 것 같아요
ESTP,내년에는 또 유럽 일주하는 유튜버로 활동을 좀 해보고 싶어서 
ESTP,여행을 굉장히 많이 다녀왔었으니까 사람들한테 여행 계획 짜는 법
ESTP,그 다음에 여행가서 팁들? 세계여행하는 유튜버
ESFP,제 생일날 300명을 초대해서 파티해 보고 싶습니다 저는 공주 옷 입고
ESFP,다들 축하해 자림아 이렇게 해주고 선물 하나씩 주고 그런 파티파티 하고 싶습니다
ESTJ,좀 해외여행 가는 거 제가 한번 미국 밖에 아직 안 가봐가지고
ESTJ,미국도 대회 때문에 갔었던 거라서 좀 해외여행을 자주 다니고 싶다는
ESTJ,달에 한 번? 이건 계획인데 잘 이뤄지면 좋을 것 같습니다
ENTJ,애기는....제가... 해 줄 수가 없는데…
ENTJ,저는... 아 네 제 걸 선택하겠습니다
INFP,저는 제가 스스로 이룰 수 있기 때문에 남의 거를 도와주고 싶습니다
INFP,그거는 좀 생각을 해보겠습니다
INFJ,저도 조금만 더 생각해 보겠습니다
ENTJ,좀 더... 아쉬움이 남거든요 오늘 했던 4박 5일에 있었던 그 친구들과의 인연도
ENTJ,이게 가능성을 열어놓기 때문에 저는 제 선택을 한 것 같아요 기획물을 통해서 그 친구들을 또 만나보고 싶기 때문에
ENTJ,그래서 그냥 확고하게 그냥 어떤 대답이 와도 저는 이게 오히려 제가 선택한
ENTJ,저 다운 대답이었다고 생각합니다 또 한번 더 만들면 되니까요 그쵸?
ENTJ,근데 너희들 너희들 하고 싶은 거 해 내가 기획을 쟤네들 챙길 수 있는 걸로
ENTJ,하면 되니까 제가 원래 버킷리스트에 대한
ENTJ,기획도 생각을 했었는데 그게 살짝 예능 B급으로 해가지고 저렇게 진지하게 얘기하면
ENTJ,해외여행은 안보내주는데 보내준다 하고 몰카로 무조건 부곡 하와이나 이런데
ENTJ,네 그렇게 해가지고 그런데 저는 그런 식의 예능도 시도해 보고 싶었는데
ENTJ,그걸 디벨롭해서 네 그런식으로 하면 저는 애들까지 다 챙기고 한번 더...
INFJ,저도 제 거를 하겠습니다 투표가 제가 저를 투표하는 게 아니라
INFJ,남들이 저를 해준 거니까 이거를 보답을 해야 하나라고 먼저 생각을 했었는데
INFJ,그래도 남들 입장에서도 어 네가 받았는데 그걸 왜 날 줘? 라는 생각이 또 들 수도 있고
INFJ,그런 또 생각 때문에 제가 하는 게 맞는 것 같다고 생각을 들었습니다
INFP,저도 제 거 선택하도록...
ENTJ,네
ENTJ,고생하셨습니다!
ENTJ,영광입니다
ENTJ,고생하셨습니다 이제야 말을 할 수 있네요
ISFJ,나 연츄는 호감입니다 왜냐면!
ISFJ,남들을 너무 신경 써서 조금 그렇긴 하지만
ISFJ,그 마음이 고맙기 때문에
ISFJ,그렇기 때문에
ISFJ,끝!
ISTP,어... 저 호감이죠
ISTP,이유는 일단... 저는
ISTP,뭐 제... 최대한 객관적으로 생각을 해보면은 저는 저는 그래도 호불호가 좀 갈리는 스타일인데 왜냐면
ISTP,아까도 말씀드렸듯이 저도 어느 정도 누군가를 놀리는 그런 것도 있고
ISTP,그리고 목소리 자체도 좀 신날 때는 목소리 크고 목소리가 좀 쨍쨍하니까
ISTP,듣기 싫은 목소리일 수도 있고 이러는데 그리고 제가 장난을 좋아하고 진지한 걸 제가 못 참기 때문에
ISTP,불호일 수도 있겠지만 제가! 제3자가 돼서 고른다면 저는 좋을 것 같아요
ISTP,너무 좋아요 이유 더 얘기해야 될까요?
ESFP,한 표만 던질 수 있는 거에요? 전 당연히 호감이죠
ESFP,아 이거 잘라주세요 아 저는 아 부끄러운데 왜냐하면 ESFP 님은
ESFP,이번... MBTI 인사이드라는 프로그램으로
ESFP,MBTI에 대한 편견을 깨신 것 같아서
ESFP,정말 큰 교훈을 얻어가신 것 같아서 그리고 그게 MBTI 인사이드가 주려는
ESFP,시사점인 거 같아서 그 시사점을 잘 받아간 분인 것 같아서
ESFP,호감으로 투표하겠습니다
INTP,쥐작가에 대한 투표는 다른 사람들 입장에서 봤을 땐
INTP,빵점 내 입장에서 봤을 땐 백 점
INTP,뭐 다른 사람들이 나를 어떻게 생각하든 그거는 좀 중요하지 않다고 생각하고 결국엔 내가 진짜 진심으로
INTP,즐기고 재밌어 하는 것을 하면서 살다 보면은 그게...
INTP,인류라는 공동체의 입장에서 봤을 때도 좀 공헌을 하게 되는... 부분이 있을 거라고 생각하거든요
INTP,그래서 나는 진짜로 남을 생각하지 말고 진짜 내 재미를 추구할 때 인류의 발전에도 도움이 된다고
INTP,생각을 하기 때문에 다른 사람들 입장에서 봤을 때는 막 제가 막 어떤 모임이나 어떤 대화에도 참여하지 않으니까
INTP,재미없어 보일.. 수도 있는데 어쨌든 나만 재밌으면 된다 제 자신의 입장에서
INTP,백 점을 주도록 하겠습니다
ENTP,ENTP 말고 금손영진이요?
ENTP,나 금손영진은 호감이라고 생각합니다
ENTP,왜냐하면 행복에 대해 정말 많이 생각하는 사람이고
ENTP,내 주변에 있는 사람들까지 행복하게 해 줄 자신이 있기 때문이에요
ENTJ,어… 저라는 사람한테 스스로... 호감을 주는 이유는
ENTJ,내가 거울을 비춰서 날 바라봤을 때 그 모습을 적나라하게 그대로
ENTJ,필터 없이 순수하게 그대로 리플렉션 해줄 수 있는 사람이기 때문에
ENTJ,호감도를 주고 싶어요 여러분들의 잡티 하나까지도 그대로 보여줄 수 있을 정도로
ENTJ,저는 끊임없이 공부하고 탐구하고 그리고 여러 가지 경험들을 적립해가고 있는 사람이기 때문에
ENTJ,다른 그 인간 유형들 그 누구보다도 여러분들의 그대로 낯빛 그대로
ENTJ,과장 없고 포장 없이 그대로 보여줄 수 있는 사람이기 때문에 용기 있는 분들한테는
ENTJ,저는 굉장히 좋은 호감도를 줄 수 있는 사람이니까 용기를 가지고서 한번 와보세요
ENTJ,그러면 저는 여러분들한테 굉장히 좋은 거울이 될 수 있을 거라 생각합니다
ISTJ,아~ 아~ 비호감이요
ISTJ,비호감 물론 이제 멋있어 보이는 부분은
ISTJ,당연히 있을 수 있겠지만 남들이 보기에 뭐 자신감 넘치고 뭐 신념 뚜렷하고
ISTJ,자기 강단 있고 이런 거는 분명히 멋있어 보일 수 있지만 또...
ISTJ,어떻게 보면 그게 또 고집이 세 보일 수도 있고 자기... 주장이 너무 세다 라는 것처럼 느낄 수도 있고
ISTJ,상대방을 배려를 하거나 상대방이 느끼는 감정에 대해서
ISTJ,공감을 못해주는 부분이 너무 크다 보니까 그게 좀...
ISTJ,너무 큰... 저의 뭐 위크니스가 되지 않을까 그래서 비호감
ISTJ,이라고 생각을 해요
ESTP,어 이우석.. 이라는 사람한테 호감도...를 주는 거는
ESTP,10점 만점에 9점으로 주겠습니다 그 이유는 어 상당히.. 논리적이기도 하고
ESTP,그리고 자신을 볼 때 정말 자존감도 굉장히 높은 편이고
ESTP,그리고 무언가를 주장할 때 근거가 없이 주장하는 편은 아니고 사회생활을 할 때
ESTP,다른 사람들이 무언가를 하면 도와주려고 하는 편이고 배려하는 편이고 그렇기 때문에 높은 점수를 주는데
ESTP,1점을 깎은 이유는 제 생각이 워낙 강하다 보니까 상대방이 논리적이지 못하면
ESTP,쟤는 왜 저런 생각을 할까 라고 생각하는 경향이 있고 공감을 할 수 있는 부분에서
ESTP,공감을 먼저 했으면 조금 더 좋은... 결과가 일어날 수 있음에도 불구하고 그렇게 못하는 때가 있기 때문에
ESTP,사회적으로 봤을 때는 만점은 주지 못할 것 같습니다 공감하는 능력을 조금 더 키웠으면 하는...
ESTP,생각이 있긴 하지만 그래도 제 성격 자체가 저는 굉장히 마음에 들기 때문에
ESTP,그래도 9점을 주겠습니다
ENFP,제 스스로가 제 스스로를 생각했을 때에
ENFP,호감도는 호감도가 높은 사람인 것 같습니다 뭔가 사람들한테
ENFP,좀 따뜻함을 전하고 싶고 힘든 부분이 있으면 그... 눈물샘을 탁 건드려서
ENFP,그거를 다 해소하게 만들고 싶고 뭔가 저로 인해서 조금이나마 치유가 되는 부분이
ENFP,있었으면 좋겠다라고 생각을 좀 많이 했던 거 같아요 조금이나마 사람들한테 제 따뜻함이
ENFP,다 전달됐을 거라고 생각해요 충분히 이예준이라는 사람은 그래도 호감도가 높은 사람이 아닐까
ENFJ,무조건... 호감...이라고 생각을 하지만
ENFJ,이 순간에도 남이 나를 불편해 할 수 있는 포인트가 있다고 생각이 들어서 근데 평균적으로 보통
ENFJ,호감이라고 생각하면서 행동을 하는 것 같아요 내 행동이 호감이다 이거보단
ENFJ,이 사람에게 뭐가 필요할까 이 사람에게 뭐가 필요할까 어떻게 하면 이 친구가
ENFJ,괜찮을까 나와 함께 있을 때 어울릴 수 있을까를 생각하다 보니 불편한 게 없는 거죠 그 상대방이
ENFJ,그래서 저도 저한테 참 피곤한 성격이지만 그래도 열심히 하는 호감
ENFJ,이라는 말을 해주고 싶습니다
ISFP,제가 진짜 울보가 아닌데 아... 증말
ISFP,저를 호감도... 투표를 하면!
ISFP,어렵네요 참 저도... 저를 굉장히 사랑한다고 자부심을 느끼고 있는데
ISFP,저를 평가하려니까 어렵네요 저는... 만약에 별 5개가 있다면
ISFP,별...
ISFP,사 쩜.... 아.. 4.2..?
ISFP,ISFP도 너무 좋고 그리고 저도 너무 좋은 사람이에요 왜냐하면 저는
ISFP,ISFP라는 성향을 알았을 때 회피형이라는 걸 알았고 저는 그걸 고치려고 굉장히 많이 노력했고
ISFP,그리고 표현을... 하려고 더 많이 노력했어요 원래 사람들한테 관심이... 없다고 생각했었는데
ISFP,사실 관심은 없어요 근데 관심은 없는데 왜 사람들을 좋아하지? 라는 생각도 했었고
ISFP,근데 제가 0.8을 뺀 이유는 그들을 좀 더... 제 마음을 다 열지 못하고
ISFP,대화를 한 것? 4박 5일이라는 시간이 지났지만
ISFP,마음의 문을 다 열지 못한 것? 안타깝죠 왜냐면 다른 분들은 마음을 열고
ISFP,저를 대해주셨는데 저는 그러지 못했고 그리고 제가 그분들을 더 신경...
ISFP,쓰지 못했다는 점 이런... 생각이 좀 듭니다
ESTJ, 어제까지는 안 뽑았을 것 같은데 오늘은.. 저에게 호감도 투표를 진행할 겁니다
ESTJ,왜냐면 지금 제 모습이 너무 자랑스럽습니다 뿌듯하고
ESTJ,이... 솔직히 힘들 거라 생각했던 5일을 5.. 4일 지금은 4일째니까 잘 견뎌냈고
ESTJ,앞으로 어떻게 발전할지 약속했거든요 출연자분들이랑 잘 될
ESTJ,잘... 될 거야가 아니라 잘 될게요라고 잘 돼야 되기 때문에
ESTJ,잘 될 거고 그 응원하는 의미에서 정희철에게
ESTJ,호감도 한 표를 추가하겠습니다 그리고 불호도 한 표 추가할게요
ESTJ,안 될 경우를 대비해서요
ESFJ,호감도... 음 저는 일단
ESFJ,제 자신에게 호감이라고 생각해요 나서지 않아도 빛나는 사람?
ESFJ,인 것 같아서 묵묵히 빛나는 사람? 약간 멋있다라고 생각이 들더라고요
ESFJ,한편으로는 또 장점이 너무 많은... 유형이어서
ESFJ,호라고 생각하고... 저는 제 자신에게 호감을 주고 싶어요
INFJ,어... 저에게 투표를 한다면 솔직히 장기적으로 봤을 때는 잘 모르겠어요
INFJ,근데 오늘 막 이렇게 딱 4일만 봤다 했으면 호감을 줄 거 같아요 이유는
INFJ,서로 같이 다 조화롭게 생활하는 거를 어.. 많이 염두하고
INFJ,좀 이렇게 행동하고 얘기를 하고 있어서 저는 저 나름대로 제...
INFJ,성격이나 저 정승준이 호감이다라고 생각합니다
INTJ,첫날에… 투표 결과를 봤을 때 좀 놀랐던 게 저는 아무도 저를
INTJ,선택해 주지 않을 거라고 생각을 했어요 왜냐면은 제가 존재감을 드러내는 타입도 아니고
INTJ,항상 좀 겉도는? 좀 한 발짝 좀 뒤에 물러서서 있는 타입이라서
INTJ,그래서 그거에 대한 좀 고민을 해봤는데 어떤 지점이 과연 그분들의 어떤 그런 걸 이끌어 냈을까를
INTJ,고민해 봤는데 아직... 답은 못 내린 거 같습니다 그래서 영상을 좀 봐야지 알 거 같고
INTJ,일단 얘기해 준 것들은 음... 되게 잘 들어준다? 근데 저는 그게 정말
INTJ,저를 위해서... 라고 생각을 했거든요? 그래서 그게... 장점이라고 말해주는 것도 너무 고마웠고
INTJ,저는 근데 그건 있어요 여기 와서 좀 더 확실해진 게 있는데 저는 제가 가진 믿음이나
INTJ,어떤... 제가 생각하는 가치? 다.. 안에...
INTJ,있거든요 근데 그게 만약에 세상 밖으로 꺼내졌을 때 저는 사랑을 받을 수 있는 자신이 있어요
INTJ,근데 그거를 이제... 몰랐던 거 같아요 그동안 내가 이거를 꺼내야겠다는...
INTJ,생각도 사실 안 해봤고 근데 여기 와서 그런 노력을 하다 보니까
INTJ,사람들이 그걸 좀 알아주지 않았나 하는 생각이 들어서 저는 그것에 대한 믿음은 있는 거 같습니다
INTJ,자기에 대한 믿음? 내가 생각하는 것들이 어떠한 형태가 됐든
INTJ,말이 됐든 영상이 됐든 세상 밖으로 어떤 가시적인 결과가 나왔을 때
INTJ,그게 정말 의미가 있고 가치가 있을 거라는 믿음이 있어서 그게 제가 생각하는
INTJ,제 호감 포인트인 거 같습니다
INFP,전 쵸단한테... 호감... 투표를 할 거예요
INFP,이게 맞나요? 투표를 하는 게 맞나요?
INFP,원래... IN..FP라는 거를
INFP,알고 나서 되게... I랑 F P?
INFP,N에 대해서는 잘 몰랐고 되게 안 좋다 라는 생각을 더 많이 하구
INFP,그랬어요 I는 그냥 내성적인 성격일 수 있고 F는 되게 그냥 휘둘리고
INFP,P는 되게 게으르..지 않을까 라고 하고 여기 와서
INFP,느낀 점은 제 자신을 돌아보니까
INFP,예전의 나였으면 그냥... 호감...
INFP,을 절대 주지 않았을 거 같은데 그 속에서...
INFP,뭔가 제가 되게 괜찮은 사람일 수도 있을 것 같은 생각이 들었어요
INFP,되게 호감... 가는... 성격이 아닐까
INFP,라는 마음이 들어가지고 호감...
INFP,호감입니다
